cluster	0_0_609
cluster_1	13_0_2477
cluster_10	107_1_1881	180_1_43	198_1_998	29_1_488	41_1_1929	46_1_2049	72_1_343	79_0_439
cluster_100	104_0_1678	106_1_1796	114_0_2266	115_0_2376	116_0_2334	117_0_766	118_0_2474	151_0_2180	156_0_688	157_0_2363	158_1_679	159_0_688	160_0_679	161_0_2616	180_0_1420	189_0_709	190_1_2180	191_0_2287	192_0_392	193_0_725	194_0_733	19_0_703	206_0_2285	207_0_737	22_0_1059	23_1_1883	25_0_1312	26_0_2468	40_0_2893	47_0_32	74_0_998	77_1_2398	80_0_1112	82_1_2192	87_0_2360	98_0_2359
cluster_101	36_9_158
cluster_102	107_0_2462	122_0_698	198_0_2116	29_0_863	46_0_2633	91_0_1534	93_0_480
cluster_103	110_0_728	112_0_729	113_0_728	123_0_387	181_1_2255	188_0_2213	196_0_2941	210_0_873	21_0_2882	30_0_559	31_0_745	41_0_2502	55_0_1025	72_0_890	92_1_2781	94_1_2316
cluster_104	120_0_2027
cluster_105	124_0_2226	79_1_2041	7_0_2576	89_1_1115
cluster_106	200_0_626
cluster_107	45_1_314
cluster_108	86_0_691
cluster_109	231_0_1294
cluster_11	109_1_305
cluster_110	110_1_727	112_1_836	113_1_676	113_1_677	196_1_614	30_1_1460
cluster_111	31_1_217
cluster_112	0_0_2047
cluster_113	36_14_156
cluster_114	15_1_585	232_1_550	24_1_578	81_1_970
cluster_115	104_1_923	106_0_1260	114_1_287	115_1_345	116_1_349	117_1_546	118_1_699	122_1_1418	123_1_287	124_1_42	151_1_876	156_1_1288	157_1_881	158_0_506	159_1_1289	160_1_505	161_1_46	181_0_976	188_1_359	189_1_1377	190_0_46	191_1_223	192_1_467	193_1_1356	194_1_1638	19_1_47	206_1_1657	207_1_1568	210_1_44	21_1_432	22_1_438	23_0_1524	26_1_48	40_1_1294	47_1_1280	74_1_619	77_0_51	7_1_942	80_1_1572	82_0_1380	89_0_430	91_1_115	93_1_466	94_0_99	98_1_35
cluster_116	25_1_33	41_1_1521	79_0_881	87_1_1664
cluster_117	110_1_330	112_1_1233	113_1_1074	196_1_221	30_1_1069	55_1_303
cluster_118	185_1_625
cluster_119	11_0_720	1_1_2577	205_0_2144	28_0_2269	49_0_676	8_0_1619
cluster_12	25_1_1508	87_1_259
cluster_120	0_1_26	100_0_1723	101_0_551	103_2_574	111_0_95	119_1_102	125_1_24	126_1_24	127_1_24	128_1_24	129_1_24	12_1_22	130_1_22	131_1_24	132_1_24	133_1_23	134_1_24	135_1_24	136_1_23	137_1_24	138_1_24	139_1_23	140_1_24	141_1_24	142_1_24	143_1_24	147_1_78	149_1_24	150_1_23	152_1_24	155_1_131	163_1_9	164_1_24	165_1_21	166_1_25	167_1_22	168_1_23	169_1_23	170_1_22	171_1_22	172_1_22	173_1_23	18_1_22	195_1_21	199_1_397	201_1_22	202_1_60	203_1_943	204_0_969	208_1_991	211_1_622	213_1_350	214_1_728	215_1_167	216_1_257	217_1_256	218_1_761	219_1_713	221_1_632	222_1_416	223_1_788	224_1_115	225_1_98	226_1_140	227_1_434	228_1_280	230_1_673	234_1_681	235_1_190	236_1_171	237_1_878	238_1_121	239_1_60	240_1_27	32_0_98	34_1_16	35_0_21	37_0_1811	39_1_22	42_1_22	4_1_23	54_1_22	57_0_99	58_1_23	59_1_322	5_1_23	60_1_23	61_1_23	62_1_24	63_1_137	64_1_22	65_1_24	66_1_932	67_1_23	6_1_203	73_0_68	88_1_821	95_1_22	96_1_28	97_1_24	99_1_24	9_1_818
cluster_121	154_1_133
cluster_122	45_0_1480
cluster_123	51_1_158
cluster_124	13_0_2486
cluster_125	104_0_73	106_1_143	114_0_728	115_0_769	116_0_757	117_0_2542	118_0_716	151_0_691	156_0_2217	157_0_655	158_1_2224	159_0_2218	160_0_2226	161_0_797	189_0_2341	190_1_685	191_0_661	192_0_2048	193_0_2317	194_0_2324	19_0_2088	206_0_741	207_0_2309	22_0_2683	23_1_372	26_0_899	40_0_1239	47_0_1517	74_0_2508	77_1_705	80_0_2905	82_1_655	98_0_698
cluster_126	122_0_2301	123_0_1944	124_0_730	181_1_632	188_0_771	210_0_2348	21_0_1452	7_0_1109	89_1_2554	91_0_97	92_1_1265	93_0_2235	94_1_670
cluster_127	200_1_888
cluster_128	110_0_2521	112_0_2525	113_0_2523	196_0_1127	30_0_2281	55_0_2314
cluster_129	183_1_904
cluster_13	36_10_93
cluster_130	20_5_332
cluster_131	48_4_176
cluster_132	86_0_1998
cluster_133	100_0_926	101_2_896	103_0_843	111_1_1472	119_0_1358	125_0_862	126_0_874	127_0_869	128_0_871	129_0_910	12_0_1575	130_0_865	131_0_864	132_0_867	133_0_864	143_0_879	147_0_1545	149_0_1607	150_0_869	152_0_872	155_0_872	163_0_1795	166_0_1738	169_0_883	170_0_957	171_0_945	172_0_1101	18_0_1871	195_0_1799	199_0_872	201_0_1766	202_0_1771	203_0_917	208_0_887	211_0_2113	213_0_1144	215_0_1722	216_0_817	218_0_318	219_0_1042	220_0_525	221_0_929	222_0_1546	223_0_2081	224_0_1266	225_0_753	226_0_2492	227_0_1054	228_0_1956	230_0_908	234_0_871	236_0_871	237_0_871	239_0_873	32_1_1313	34_0_1710	35_1_1836	37_0_873	38_0_2501	39_0_1770	42_0_892	4_0_1844	54_0_942	57_1_1310	58_0_1848	59_0_1787	5_0_2029	60_0_1849	61_0_1850	62_0_1458	63_0_2484	64_0_1818	65_0_1880	66_0_916	67_0_1867	6_0_1377	73_1_394	88_0_1371	95_0_1624	96_0_870	97_0_876	99_0_1636	9_0_1426
cluster_134	102_2_770	10_1_967
cluster_135	36_19_28
cluster_136	107_0_547	198_0_366	29_0_2617	46_0_1186
cluster_137	107_1_211	198_1_654	29_1_820	46_1_346
cluster_138	108_1_761
cluster_139	176_1_193	177_1_1293	179_1_276	197_1_1514	75_1_1250
cluster_14	100_0_3096	101_2_2264	103_0_2074	111_1_132	119_0_136	125_0_2138	126_0_2154	127_0_2098	128_0_2189	129_0_2148	12_0_509	130_0_2161	131_0_2126	132_0_2085	133_0_2088	134_0_1980	135_0_2062	136_0_2093	137_0_2008	138_0_2116	139_0_2116	140_0_2085	141_0_2077	142_0_2098	143_0_2115	147_0_279	149_0_329	150_0_2158	152_0_2105	154_0_1969	155_0_2149	163_0_513	164_0_2061	165_0_373	166_0_2332	167_0_2037	168_0_2163	169_0_2154	170_0_2135	171_0_2060	172_0_2454	173_0_2055	18_0_572	195_0_554	199_0_2100	201_0_442	202_0_442	203_0_2243	204_1_733	208_0_2070	211_0_805	213_0_2449	214_0_2547	215_0_448	216_0_2091	217_0_747	218_0_1645	219_0_2370	220_0_1807	221_0_2200	222_0_220	223_0_753	224_0_2590	225_0_2078	226_0_1163	227_0_2373	228_0_630	230_0_2137	234_0_2179	235_0_2167	236_0_2179	237_0_2180	238_0_2023	238_0_2024	239_0_2205	240_0_2223	32_1_134	34_0_438	35_1_539	37_0_2988	38_0_3101	39_0_450	42_0_2233	4_0_565	54_0_2209	57_1_134	58_0_592	59_0_563	5_0_626	60_0_590	61_0_591	62_0_197	63_0_1093	64_0_562	65_0_603	66_0_2176	67_0_643	6_0_2743	73_1_1669	88_0_27	95_0_331	96_0_2112	97_0_2123	99_0_333	9_0_28
cluster_140	178_1_107
cluster_141	180_0_2810	41_0_696	72_0_2294
cluster_142	180_1_1631
cluster_143	182_6_22
cluster_144	25_0_2827	87_0_701
cluster_145	33_0_857
cluster_146	0_0_599
cluster_147	68_1_484
cluster_148	72_1_1972
cluster_149	105_0_18	11_1_44	145_1_874
cluster_15	200_0_2067
cluster_150	17_0_1627	2_0_1608
cluster_151	200_0_880
cluster_152	31_1_1274
cluster_153	146_0_187
cluster_154	110_1_800	112_1_763	113_1_604	196_1_688	30_1_1533	55_1_756
cluster_155	56_8_13
cluster_156	20_21_0
cluster_157	36_3_146
cluster_158	182_1_353
cluster_159	11_1_1069	1_2_1140	205_1_468	28_1_1054	49_1_1083	8_1_539
cluster_16	209_0_1080
cluster_160	110_1_498	112_1_1065	113_1_906	196_1_386	30_1_1233	55_1_460
cluster_161	198_1_1093
cluster_162	102_1_1586	10_0_2103
cluster_163	110_1_1054	112_1_509	113_1_350	196_1_945	30_1_70	55_1_1011
cluster_164	174_1_1153	175_1_49	186_1_812
cluster_165	177_1_1128	197_1_1362	68_1_619
cluster_166	179_1_86
cluster_167	78_1_813
cluster_168	27_29_27
cluster_169	33_1_780
cluster_17	17_0_823	2_0_824	3_2_821
cluster_170	15_0_2460	232_0_561	24_0_2394	81_0_449
cluster_171	105_1_2530	11_0_561	145_0_1151	1_1_2741	205_0_2288	28_0_2428	49_0_521	8_0_1465
cluster_172	104_0_2995	106_1_3147	114_0_579	115_0_617	116_0_606	117_0_2693	118_0_570	151_0_526	156_0_2375	157_0_521	158_1_2366	159_0_2376	160_0_2368	161_0_2721	189_0_2483	190_1_541	191_0_517	192_0_2274	193_0_2481	194_0_2489	19_0_2245	206_0_522	207_0_2521	22_0_2830	23_1_226	26_0_2576	40_0_1085	47_0_1367	74_0_2356	77_1_552	7_0_967	80_0_3060	82_1_509	89_1_2400	91_0_247	98_0_551
cluster_173	107_0_395	122_0_2441	123_0_2104	124_0_581	180_0_2653	181_1_507	188_0_526	198_0_220	210_0_2475	21_0_1583	25_0_2658	29_0_2761	41_0_540	46_0_1334	72_0_2124	79_1_370	87_0_548	92_1_1396	93_0_2369	94_1_537
cluster_174	110_0_2676	112_0_2680	113_0_2678	196_0_982	30_0_2424	55_0_2173
cluster_175	16_0_2550	184_0_2313	187_0_2326	43_0_242	50_0_2292	51_0_2322	52_0_2500	53_0_2428
cluster_176	182_11_85	27_refound_1351
cluster_177	231_0_1719
cluster_178	100_0_3105	101_2_2274	103_0_2084	111_1_123	119_0_126	125_0_2147	126_0_2163	127_0_2107	128_0_2198	129_0_2157	12_0_500	130_0_2169	131_0_2134	132_0_2094	133_0_2097	134_0_1989	135_0_2071	136_0_2102	137_0_2017	138_0_2125	139_0_2125	140_0_2094	141_0_2086	142_0_2107	143_0_2124	147_0_270	149_0_320	150_0_2167	152_0_2114	154_0_1978	155_0_2158	163_0_504	164_0_2070	165_0_364	166_0_2341	167_0_2046	168_0_2172	169_0_2163	170_0_2144	171_0_2069	172_0_2463	173_0_2066	18_0_563	195_0_545	199_0_2109	200_0_2076	201_0_433	202_0_433	203_0_2252	204_1_742	208_0_2079	211_0_814	214_0_2556	215_0_439	217_0_738	218_0_1636	219_0_2379	220_0_1798	221_0_2209	222_0_229	223_0_762	224_0_2581	225_0_2069	226_0_1172	227_0_2382	228_0_639	230_0_2146	234_0_2188	235_0_2176	236_0_2188	237_0_2189	238_0_2033	239_0_2214	240_0_2234	32_1_125	34_0_429	35_1_530	37_0_2997	38_0_3110	39_0_441	42_0_2242	4_0_555	54_0_2219	57_1_125	58_0_583	59_0_554	5_0_616	60_0_581	61_0_582	62_0_188	63_0_1102	64_0_553	65_0_594	66_0_2185	67_0_634	6_0_2752	73_1_1679	88_0_17	95_0_322	96_0_2121	97_0_2132	99_0_324	9_0_19
cluster_179	13_0_2485
cluster_18	14_0_493
cluster_180	108_0_2319	162_0_2422
cluster_181	120_0_2268
cluster_182	146_1_2342
cluster_183	148_0_2539
cluster_184	14_0_484
cluster_185	174_0_801	175_0_370	176_0_587	177_0_2532	178_0_874	179_0_2540	186_0_1314	197_0_769	68_0_1710	75_0_518
cluster_186	17_0_2149	2_0_2173	3_2_2173
cluster_187	183_0_2756	20_31_118	233_83_8
cluster_188	185_0_2037
cluster_189	209_0_404	83_0_523
cluster_19	83_0_532
cluster_190	0_0_600
cluster_191	212_0_492	229_0_2147
cluster_192	31_0_446
cluster_193	33_0_2648
cluster_194	44_1_1626
cluster_195	78_0_1639
cluster_196	10_0_859
cluster_197	121_0_476
cluster_198	45_1_124	90_1_1859
cluster_199	2_0_1144
cluster_2	36_2_2
cluster_20	174_0_792	175_0_379	176_0_578	177_0_2523	186_0_1323
cluster_200	209_1_98
cluster_201	36_19_29
cluster_202	14_1_540
cluster_203	122_1_957	124_1_562	7_1_427
cluster_204	162_0_1363
cluster_205	210_1_504	92_2_393
cluster_206	86_1_866
cluster_207	123_1_1419	188_1_1546
cluster_208	93_1_954
cluster_209	71_19_13
cluster_21	178_0_865
cluster_210	110_0_1035	112_0_1037	113_0_1037	196_0_2643	30_0_855	55_0_728
cluster_211	181_0_1447	21_1_921
cluster_212	36_3_141
cluster_213	14_1_456
cluster_214	110_0_1041	112_0_1043	113_0_1043	196_0_2637	30_0_860	55_0_723
cluster_215	14_0_485
cluster_216	182_0_929
cluster_217	104_0_2996	106_1_3148	114_0_580	115_0_618	116_0_607	117_0_2692	118_0_571	124_0_582	151_0_527	156_0_2374	157_0_522	158_1_2365	159_0_2375	160_0_2367	161_0_2720	189_0_2482	190_1_542	191_0_518	192_0_2273	193_0_2480	194_0_2488	19_0_2244	206_0_523	207_0_2520	22_0_2829	23_1_227	26_0_2575	40_0_1086	47_0_1368	74_0_2357	77_1_553	7_0_968	80_0_3059	82_1_510	89_1_2401	91_0_246	98_0_552
cluster_218	107_0_396	198_0_221	29_0_2760	41_0_541	46_0_1333	72_0_2125
cluster_219	122_0_2440	123_0_2103	181_1_508	188_0_527	210_0_2474	21_0_1582	92_1_1395	93_0_2368	94_1_538
cluster_22	179_0_2549
cluster_220	180_0_2654
cluster_221	187_0_2325
cluster_222	25_0_2659	87_0_549
cluster_223	0_0_1053
cluster_224	13_0_2483
cluster_225	33_0_2647
cluster_226	79_1_371
cluster_227	102_1_2841
cluster_228	233_83_7
cluster_229	45_1_125
cluster_23	8_0_1474
cluster_230	100_0_3104	101_2_2273	103_0_2083	111_1_124	119_0_127	125_0_2146	126_0_2162	127_0_2106	128_0_2197	129_0_2156	12_0_501	130_0_2168	131_0_2133	132_0_2093	133_0_2096	134_0_1988	135_0_2070	136_0_2101	137_0_2016	138_0_2124	139_0_2124	140_0_2093	141_0_2085	142_0_2106	143_0_2123	147_0_271	149_0_321	150_0_2166	152_0_2113	154_0_1977	155_0_2157	163_0_505	164_0_2069	165_0_365	166_0_2340	167_0_2045	168_0_2171	169_0_2162	170_0_2143	171_0_2068	172_0_2462	173_0_2065	18_0_564	195_0_546	199_0_2108	201_0_434	202_0_434	203_0_2251	204_1_741	208_0_2078	211_0_813	213_0_2441	214_0_2555	215_0_440	216_0_2099	217_0_739	218_0_1637	219_0_2378	220_0_1799	221_0_2208	222_0_228	223_0_761	224_0_2582	225_0_2070	226_0_1171	227_0_2381	228_0_638	230_0_2145	234_0_2187	235_0_2175	236_0_2187	237_0_2188	238_0_2032	239_0_2213	240_0_2233	32_1_126	34_0_430	35_1_531	37_0_2996	38_0_3109	39_0_442	42_0_2241	4_0_556	54_0_2218	57_1_126	58_0_584	59_0_555	5_0_617	60_0_582	61_0_583	62_0_189	63_0_1101	64_0_554	65_0_595	66_0_2184	67_0_635	6_0_2751	73_1_1678	88_0_18	95_0_323	96_0_2120	97_0_2131	99_0_325	9_0_20
cluster_231	109_0_2345
cluster_232	121_0_477
cluster_233	200_0_2075
cluster_234	110_0_2675	112_0_2679	113_0_2677	196_0_983	30_0_2423	55_0_2174
cluster_235	27_29_29
cluster_236	14_0_2138
cluster_237	20_21_114
cluster_238	121_0_479
cluster_239	183_0_2145
cluster_24	13_0_2337
cluster_240	233_26_10
cluster_241	104_0_2998	106_1_3150	114_0_582	115_0_620	116_0_609	117_0_2690	118_0_573	122_0_2438	123_0_2101	124_0_584	151_0_529	156_0_2372	157_0_524	158_1_2363	159_0_2373	160_0_2365	161_0_2718	181_1_510	188_0_529	189_0_2480	190_1_544	191_0_520	192_0_2271	193_0_2478	194_0_2486	19_0_2242	206_0_525	207_0_2518	210_0_2472	21_0_1580	22_0_2827	23_1_229	26_0_2573	40_0_1088	47_0_1370	74_0_2359	77_1_555	7_0_970	80_0_3057	82_1_512	89_1_2403	91_0_244	92_1_1393	93_0_2366	94_1_540	98_0_554
cluster_242	107_0_398	198_0_223	29_0_2758	46_0_1331
cluster_243	108_0_553
cluster_244	180_0_2656	41_0_543	72_0_2127
cluster_245	185_0_1826
cluster_246	0_0_602
cluster_247	25_0_2661	87_0_551
cluster_248	79_1_373
cluster_249	14_0_487
cluster_25	104_0_3004	114_0_588	115_0_626	116_0_615	117_0_2684	118_0_579	151_0_535	156_0_2366	157_0_530	158_1_2357	159_0_2367	160_0_2359	161_0_2712	189_0_2474	190_1_550	191_0_526	192_0_2265	193_0_2472	194_0_2480	19_0_2236	206_0_531	207_0_2512	22_0_2821	23_1_235	26_0_2567	40_0_1094	47_0_1376	74_0_2365	77_1_561	80_0_3051	82_1_518	98_0_560
cluster_250	182_0_927
cluster_251	15_0_2457	24_0_2391	81_0_452
cluster_252	162_0_564	178_0_2023
cluster_253	31_0_449
cluster_254	100_0_3102	101_2_2271	103_0_2081	111_1_126	119_0_129	125_0_2144	126_0_2160	127_0_2104	128_0_2195	129_0_2154	12_0_503	131_0_2131	132_0_2091	133_0_2094	134_0_1986	135_0_2068	136_0_2099	137_0_2014	138_0_2122	139_0_2122	140_0_2091	141_0_2083	142_0_2104	143_0_2121	147_0_273	149_0_323	150_0_2164	152_0_2111	154_0_1975	155_0_2155	163_0_507	164_0_2067	165_0_367	166_0_2338	167_0_2043	168_0_2169	169_0_2160	170_0_2141	171_0_2066	172_0_2460	173_0_2063	18_0_566	195_0_548	199_0_2106	201_0_436	202_0_436	203_0_2249	204_1_739	208_0_2076	211_0_811	213_0_2443	214_0_2553	215_0_442	216_0_2097	217_0_741	218_0_1639	219_0_2376	220_0_1801	221_0_2206	222_0_226	223_0_759	224_0_2584	225_0_2072	226_0_1169	227_0_2379	228_0_636	230_0_2143	234_0_2185	235_0_2173	236_0_2185	237_0_2186	238_0_2030	239_0_2211	240_0_2231	32_1_128	34_0_432	35_1_533	37_0_2994	38_0_3107	39_0_444	42_0_2239	4_0_558	54_0_2216	57_1_128	58_0_586	59_0_557	5_0_619	60_0_584	61_0_585	62_0_191	63_0_1099	64_0_556	65_0_597	66_0_2182	67_0_637	6_0_2749	73_1_1676	88_0_20	95_0_325	96_0_2118	97_0_2129	99_0_327	9_0_22
cluster_255	100_0_2958	101_2_2032	103_0_1936	111_1_269	119_0_273	125_0_2002	126_0_2018	127_0_1962	128_0_1960	129_0_2012	12_0_636	130_0_2025	131_0_1991	132_0_1950	133_0_1953	134_0_1843	135_0_1924	136_0_1956	137_0_1871	138_0_1979	139_0_1980	140_0_1947	141_0_1939	142_0_1940	143_0_1981	147_0_413	149_0_464	150_0_1947	152_0_1969	154_0_1835	155_0_1936	163_0_640	164_0_1922	165_0_602	166_0_653	167_0_1899	168_0_2025	169_0_2016	170_0_1996	171_0_1923	172_0_2237	173_0_1918	18_0_707	195_0_762	199_0_1965	201_0_670	202_0_670	203_0_2015	204_1_598	208_0_1933	211_0_581	213_0_60	214_0_2328	215_0_667	216_0_1879	217_0_968	218_0_1872	219_0_2143	220_0_2025	221_0_1988	222_0_2647	223_0_526	224_0_182	225_0_2305	226_0_945	227_0_2146	228_0_403	230_0_2001	234_0_1970	235_0_1954	236_0_1970	237_0_1971	238_0_1887	239_0_1987	240_0_2060	32_1_270	34_0_580	35_1_763	37_0_2851	38_0_1370	39_0_681	42_0_2002	4_0_710	54_0_2071	57_1_271	58_0_733	59_0_699	5_0_772	60_0_731	61_0_731	62_0_339	63_0_956	64_0_703	65_0_748	66_0_2035	67_0_786	6_0_2512	73_1_1532	88_0_247	95_0_467	96_0_1976	97_0_1987	99_0_469	9_0_267
cluster_256	102_1_2839	10_0_862
cluster_257	0_0_755
cluster_258	185_0_2034
cluster_259	104_0_1811	106_1_1925	114_0_2394	115_0_2535	116_0_2464	117_0_638	118_0_2626	151_0_2329	156_0_559	157_0_2513	158_1_550	159_0_559	160_0_550	161_0_610	189_0_571	190_1_2315	191_0_2415	192_0_245	193_0_591	194_0_598	19_0_574	206_0_2455	207_0_593	22_0_935	23_1_2014	26_0_619	40_0_3020	47_0_166	74_0_1136	77_1_2533	80_0_975	82_1_2316	98_0_2510
cluster_26	107_0_404	198_0_229	29_0_2752	46_0_1325
cluster_260	45_1_127	90_1_1862
cluster_261	105_1_2527	11_0_564	145_0_1148	1_1_2738	205_0_2285	28_0_2425	49_0_524	8_0_1468
cluster_262	108_0_2316
cluster_263	110_0_2673	112_0_2677	113_0_2675	196_0_985	30_0_2421	55_0_2176
cluster_264	162_0_2419	178_0_871
cluster_265	175_0_373	177_0_2529	186_0_1317
cluster_266	179_0_2543	68_0_1713
cluster_267	184_0_2310	187_0_2323	43_0_245	50_0_2289	51_0_2319	52_0_2497	53_0_2425
cluster_268	13_0_618
cluster_269	197_0_772
cluster_27	122_0_2432	123_0_2095	181_1_516	188_0_535	210_0_2466	21_0_1574	92_1_1387	93_0_2360	94_1_546
cluster_270	200_0_2073
cluster_271	75_0_521
cluster_272	229_0_2145
cluster_273	200_0_1932
cluster_274	45_1_2353
cluster_275	174_0_1891	175_0_2200	177_0_666	179_0_1405	186_0_298	197_0_1933
cluster_276	180_0_1543	25_0_1472	41_0_2629	72_0_1014	87_0_2495	93_0_359
cluster_277	48_21_12
cluster_278	122_0_571	123_0_267	124_0_2353	181_1_2384	188_0_2333	210_0_730	21_0_2751	7_0_2714	89_1_1238	91_0_1388	92_1_2618	94_1_2445
cluster_279	36_19_31
cluster_28	124_0_590	7_0_976	89_1_2409	91_0_238
cluster_280	56_21_5
cluster_281	75_0_2242
cluster_282	107_1_1389	180_1_658	198_1_1457	25_1_1096	29_1_17	41_1_534	46_1_1532	72_1_998	79_0_1552	87_1_858
cluster_283	107_0_2595	198_0_2255	29_0_727	46_0_2476
cluster_284	79_1_2161
cluster_285	146_1_1174
cluster_286	28_0_714
cluster_287	17_0_1397	2_0_1389	3_2_1418
cluster_288	69_5_169
cluster_289	104_0_3003	106_1_3155	107_0_403	114_0_587	115_0_625	116_0_614	117_0_2685	118_0_578	122_0_2433	123_0_2096	124_0_589	151_0_534	156_0_2367	157_0_529	158_1_2358	159_0_2368	160_0_2360	161_0_2713	16_0_2542	180_0_2661	181_1_515	184_0_2305	187_0_2318	189_0_2475	190_1_549	191_0_525	192_0_2266	193_0_2473	194_0_2481	198_0_228	19_0_2237	206_0_530	207_0_2513	210_0_2467	21_0_1575	22_0_2822	23_1_234	25_0_2666	26_0_2568	29_0_2753	40_0_1093	41_0_548	43_0_250	46_0_1326	47_0_1375	50_0_2284	51_0_2314	52_0_2492	53_0_2420	72_0_2132	74_0_2364	77_1_560	79_1_378	7_0_975	80_0_3052	82_1_517	87_0_556	89_1_2408	91_0_239	92_1_1388	93_0_2361	94_1_545	98_0_559
cluster_29	16_0_2541	184_0_2304	187_0_2317	43_0_251	50_0_2283	51_0_2313	52_0_2491	53_0_2419
cluster_290	13_0_2478
cluster_291	108_0_2311	162_0_2414	175_0_378	176_0_579	179_0_2548	68_0_1718	75_0_526
cluster_292	110_0_2668	112_0_2672	113_0_2670	196_0_990	30_0_2416	55_0_2181
cluster_293	120_0_2260
cluster_294	14_0_2122
cluster_295	174_0_793	177_0_2524	178_0_866	186_0_1322	197_0_777
cluster_296	176_0_1665
cluster_297	185_0_2029
cluster_298	188_0_534
cluster_299	231_0_1727
cluster_3	13_0_1027
cluster_30	180_0_2662
cluster_300	31_0_454
cluster_301	36_19_36
cluster_302	31_0_659
cluster_303	78_0_1647
cluster_304	86_0_2112
cluster_305	14_0_492
cluster_306	33_0_2640
cluster_307	56_21_10
cluster_308	209_0_412	83_0_531
cluster_309	105_1_2522	11_0_569	145_0_1143	1_1_2733	205_0_2280	28_0_2420	49_0_529	8_0_1473
cluster_31	185_0_2028
cluster_310	146_1_2350
cluster_311	17_0_2141	2_0_2165	3_2_2165
cluster_312	27_29_34
cluster_313	182_0_922
cluster_314	231_0_1222
cluster_315	68_0_622
cluster_316	0_0_607	100_0_3097	101_2_2266	103_0_2076	111_1_131	119_0_134	125_0_2139	126_0_2155	127_0_2099	128_0_2190	129_0_2149	12_0_508	130_0_2162	131_0_2127	132_0_2086	133_0_2089	134_0_1981	135_0_2063	136_0_2094	137_0_2009	138_0_2117	139_0_2117	140_0_2086	141_0_2078	142_0_2099	143_0_2116	147_0_278	149_0_328	150_0_2159	152_0_2106	154_0_1970	155_0_2150	163_0_512	164_0_2062	165_0_372	166_0_2333	167_0_2038	168_0_2164	169_0_2155	170_0_2136	171_0_2061	172_0_2455	173_0_2058	18_0_571	195_0_553	199_0_2101	200_0_2068	201_0_441	202_0_441	203_0_2244	204_1_734	208_0_2071	211_0_806	213_0_2448	214_0_2548	215_0_447	216_0_2092	217_0_746	218_0_1644	219_0_2371	220_0_1806	221_0_2201	222_0_221	223_0_754	224_0_2589	225_0_2077	226_0_1164	227_0_2374	228_0_631	230_0_2138	234_0_2180	235_0_2168	236_0_2180	237_0_2181	238_0_2025	239_0_2206	240_0_2226	32_1_133	34_0_437	35_1_538	37_0_2989	38_0_3102	39_0_449	42_0_2234	4_0_563	54_0_2211	57_1_133	58_0_591	59_0_562	5_0_624	60_0_589	61_0_590	62_0_196	63_0_1094	64_0_561	65_0_602	66_0_2177	67_0_642	6_0_2744	73_1_1671	88_0_25	95_0_330	96_0_2113	97_0_2124	99_0_332	9_0_27
cluster_317	102_1_2834	10_0_867
cluster_318	121_0_484
cluster_319	15_0_2452	232_0_569	24_0_2386	81_0_457
cluster_32	25_0_2667	87_0_557
cluster_320	212_0_498	229_0_2140
cluster_321	45_1_132	90_1_1867
cluster_322	45_1_1821	90_1_736
cluster_323	36_13_116
cluster_324	110_0_679	112_0_680	113_0_679	196_0_2989	30_0_500	55_0_1099
cluster_325	86_0_538
cluster_326	182_9_47
cluster_327	10_0_2627
cluster_328	185_0_1758
cluster_329	209_0_201
cluster_33	31_0_455
cluster_330	107_0_2394	180_0_1346	198_0_2050	25_0_1245	29_0_927	41_0_2428	46_0_2703	72_0_814	87_0_2284
cluster_331	110_0_734	112_0_735	113_0_734	196_0_2935	30_0_565	55_0_1019
cluster_332	121_0_778
cluster_333	231_0_514
cluster_334	13_1_831
cluster_335	27_21_78
cluster_336	31_0_751	79_1_1967
cluster_337	86_0_771
cluster_338	100_0_2751	101_2_1823	103_0_1758	111_1_478	119_0_490	125_0_1798	126_0_1815	127_0_1758	128_0_1756	129_0_1809	12_0_799	130_0_1851	131_0_1820	132_0_1778	133_0_1763	134_0_1663	136_0_1782	137_0_1697	138_0_1800	139_0_1800	143_0_1788	147_0_615	149_0_669	150_0_1743	152_0_1766	154_0_1677	155_0_1732	163_0_1158	164_0_1719	165_0_798	166_0_830	167_0_1696	168_0_1812	169_0_1820	170_0_1805	171_0_1749	172_0_2027	173_0_1725	18_0_914	195_0_960	199_0_1760	201_0_876	202_0_876	203_0_1809	204_1_383	208_0_1732	211_0_380	213_0_264	214_0_2128	215_0_866	216_0_1681	217_0_1165	218_0_2078	219_0_1937	220_0_2223	221_0_1790	222_0_2441	223_0_320	224_0_388	225_0_2511	226_0_739	227_0_1940	228_0_197	230_0_1805	234_0_1764	235_0_1727	236_0_1764	237_0_1765	238_0_1711	239_0_1780	240_0_1842	32_1_489	34_0_788	35_1_965	37_0_2680	38_0_1621	39_0_886	42_0_1794	4_0_931	54_0_1859	57_1_489	58_0_943	59_0_905	5_0_991	60_0_941	61_0_943	62_0_548	63_0_750	64_0_913	65_0_965	66_0_1825	67_0_967	6_0_2302	73_1_1322	88_0_457	95_0_673	96_0_1769	97_0_1790	99_0_675	9_0_491
cluster_339	104_0_1595	106_1_1721	114_0_2191	115_0_2301	116_0_2259	117_0_841	118_0_2399	151_0_2117	156_0_751	157_0_2299	158_1_742	159_0_751	160_0_742	161_0_2544	189_0_773	190_1_2116	191_0_2215	192_0_467	193_0_800	194_0_808	19_0_766	206_0_2221	207_0_801	22_0_1134	23_1_1817	26_0_2392	40_0_2817	47_0_3081	74_0_922	77_1_2322	80_0_1195	82_1_2128	89_1_1045	91_0_1606	98_0_2293
cluster_34	41_0_549	72_0_2133
cluster_340	105_1_881	11_0_2214	145_0_2432	1_1_1011	205_0_793	28_0_924	49_0_2187	8_0_165
cluster_341	120_0_756
cluster_342	16_0_752	184_0_751	187_0_785	43_0_1789	50_0_751	51_0_768	52_0_812	53_0_860
cluster_343	200_0_1738
cluster_344	78_0_1867
cluster_345	33_0_2412
cluster_346	36_13_169
cluster_347	108_0_2055	178_0_589
cluster_348	162_0_2162	174_0_536	175_0_638	176_0_302	177_0_2269	179_0_2813	186_0_1584	197_0_1043	68_0_444
cluster_349	75_0_2019
cluster_35	13_1_54
cluster_350	100_0_2018	101_0_859	103_2_226	111_0_393	119_1_449	125_1_742	126_1_750	127_1_755	128_1_709	129_1_751	12_1_565	130_1_642	131_1_821	132_1_757	133_1_704	134_1_865	135_1_791	136_1_815	137_1_868	138_1_856	139_1_850	140_1_886	141_1_853	142_1_817	143_1_710	147_1_783	149_1_737	150_1_679	152_1_744	154_1_850	155_1_431	163_1_151	164_1_741	166_1_636	167_1_687	168_1_729	169_1_638	170_1_630	171_1_696	172_1_629	173_1_816	18_1_755	195_1_687	199_1_697	201_1_676	202_1_360	203_1_277	208_1_92	211_1_916	213_1_53	214_1_90	215_1_456	216_1_551	217_1_897	218_1_461	219_1_51	220_1_696	221_1_922	222_1_716	223_1_488	224_1_415	225_1_398	226_1_440	227_1_134	228_1_580	230_1_11	234_1_32	236_1_464	237_1_586	239_1_708	240_1_654	240_1_655	32_0_444	34_1_852	35_0_650	37_0_2101	38_0_355	39_1_665	42_1_676	4_1_742	54_1_753	57_0_447	58_1_885	59_1_29	5_1_820	60_1_773	61_1_866	62_1_814	63_1_871	64_1_904	65_1_781	66_1_618	67_1_887	6_1_504	73_0_379	88_1_512	95_1_701	96_1_711	97_1_720	99_1_705	9_1_496
cluster_351	107_0_1421	198_0_1198	29_0_1844	46_0_297
cluster_352	7_0_2515
cluster_353	105_1_1170	11_0_1933	145_0_2696	1_1_1282	205_0_1067	28_0_1185	8_0_2709
cluster_354	79_1_1413
cluster_355	41_0_1796	72_0_178
cluster_356	110_1_305	112_1_1258	113_1_1099	196_1_195	30_1_1040	55_1_275
cluster_357	0_0_977
cluster_358	146_1_1000
cluster_359	17_0_799	2_0_800	3_2_797
cluster_36	79_1_379
cluster_360	25_0_468	87_0_1683
cluster_361	44_1_196
cluster_362	102_1_1238	10_0_2483
cluster_363	148_0_820
cluster_364	14_0_987
cluster_365	182_1_222
cluster_366	233_0_203
cluster_367	45_1_1661	90_1_577
cluster_368	13_0_830
cluster_369	135_0_1750	140_0_1787	141_0_1779	142_0_1776
cluster_37	100_0_805	101_2_772	103_0_719	111_1_1591	119_0_1535	125_0_742	126_0_753	127_0_750	128_0_750	129_0_792	12_0_1696	130_0_745	131_0_748	132_0_750	133_0_746	134_0_745	135_0_755	136_0_758	137_0_750	138_0_749	139_0_748	140_0_765	141_0_764	142_0_783	143_0_761	147_0_1665	149_0_1728	150_0_748	152_0_752	155_0_751	163_0_1675	164_0_782	165_0_1719	166_0_1864	167_0_763	168_0_818	169_0_762	170_0_783	171_0_823	172_0_977	173_0_777	18_0_1993	195_0_1914	199_0_752	201_0_1887	202_0_1892	203_0_796	204_1_1943	208_0_765	211_0_1992	213_0_1262	214_0_1155	215_0_1840	216_0_697	217_0_2145	218_0_440	219_0_920	220_0_645	221_0_813	222_0_1424	223_0_1959	224_0_1388	225_0_875	226_0_2370	227_0_932	228_0_1834	230_0_784	234_0_749	235_0_780	236_0_749	237_0_749	238_0_695	239_0_752	240_0_807	32_1_1489	34_0_1839	35_1_1956	37_0_753	38_0_2623	39_0_1890	42_0_769	4_0_1968	54_0_821	57_1_1485	58_0_1971	59_0_1908	5_0_2156	60_0_1972	61_0_1973	62_0_1580	63_0_2363	64_0_1993	65_0_2058	66_0_795	67_0_1989	6_0_1253	73_1_268	88_0_1497	95_0_1745	96_0_749	97_0_758	99_0_1757	9_0_1553
cluster_370	15_0_2081	232_0_874	24_0_2027	81_0_742
cluster_371	180_0_684
cluster_372	110_1_236	112_1_1327	113_1_1168	196_1_123	30_1_969	55_1_172
cluster_373	174_0_2633	178_0_2776
cluster_374	212_0_1815	229_0_795
cluster_375	33_0_1357
cluster_376	86_0_1358
cluster_377	209_0_864	83_0_1051
cluster_378	14_1_311
cluster_379	36_10_119
cluster_38	231_0_45
cluster_380	153_1_1492
cluster_381	104_1_717	106_0_1463	114_1_82	115_1_137	116_1_142	117_1_751	118_1_905	151_1_1067	156_1_1521	157_1_1069	158_0_686	159_1_1522	160_1_685	161_1_1391	189_1_1189	190_0_1493	191_1_35	192_1_671	193_1_1601	194_1_1393	19_1_1460	206_1_1459	207_1_1377	22_1_234	23_0_1332	26_1_1421	40_1_1498	47_1_1476	74_1_826	77_0_1545	80_1_1365	82_0_1572	98_1_1574
cluster_382	183_0_2144	20_21_115
cluster_383	17_1_436	2_1_436
cluster_384	200_1_18
cluster_385	107_0_2281	198_0_1938	29_0_1055	46_0_2836
cluster_386	162_0_1293
cluster_387	197_0_2702
cluster_388	41_0_2316	72_0_723	79_1_1832	87_0_2188
cluster_389	33_0_1246
cluster_39	17_1_658	2_1_716
cluster_390	27_3_275
cluster_391	105_1_2531	145_0_1152	1_1_2742	205_0_2289	28_0_2429	49_0_520	8_0_1464
cluster_392	20_16_85
cluster_393	14_0_1158
cluster_394	78_0_2195
cluster_395	108_0_1882	162_0_1984	174_0_349	175_0_824	176_0_100	177_0_2069	178_0_373	179_0_2987	186_0_1792	197_0_1224
cluster_396	110_0_968	112_0_970	113_0_970	196_0_2706	30_0_794	36_3_81	55_0_790
cluster_397	121_0_1904
cluster_398	122_0_2019	181_1_954	188_0_1055	191_0_943	206_0_1013	210_0_2068	21_0_1121	92_1_970	93_0_1948	94_1_997
cluster_399	148_0_1054
cluster_4	13_0_1241
cluster_40	48_28_359
cluster_400	16_0_2109	184_0_1903	187_0_1879	43_0_651	50_0_1884	51_0_1862	52_0_2016	53_0_1935
cluster_401	36_10_192
cluster_402	209_0_1819	83_0_2197	83_0_2198
cluster_403	233_16_5
cluster_404	17_0_1767	2_0_1749	3_2_1781
cluster_405	14_1_1977
cluster_406	175_0_1473
cluster_407	146_1_2341
cluster_408	100_0_3106	101_2_2275	103_0_2085	111_1_122	119_0_125	125_0_2148	126_0_2164	127_0_2108	128_0_2199	129_0_2158	12_0_499	130_0_2170	131_0_2135	132_0_2095	133_0_2098	134_0_1990	135_0_2072	136_0_2103	137_0_2018	138_0_2126	139_0_2126	140_0_2095	141_0_2087	142_0_2108	143_0_2125	147_0_269	149_0_319	150_0_2168	152_0_2115	154_0_1979	155_0_2159	163_0_503	164_0_2071	165_0_363	166_0_2342	167_0_2047	168_0_2173	169_0_2164	170_0_2145	171_0_2070	172_0_2464	173_0_2067	18_0_562	195_0_544	199_0_2110	200_0_2077	201_0_432	202_0_432	203_0_2253	204_1_743	208_0_2080	211_0_815	213_0_2440	214_0_2557	215_0_438	216_0_2100	217_0_737	218_0_1635	219_0_2380	220_0_1797	221_0_2210	222_0_230	223_0_763	224_0_2580	225_0_2068	226_0_1173	227_0_2383	228_0_640	230_0_2147	234_0_2189	235_0_2177	236_0_2189	237_0_2190	238_0_2034	239_0_2215	240_0_2235	32_1_124	34_0_428	35_1_529	37_0_2998	38_0_3111	39_0_440	42_0_2243	4_0_554	54_0_2220	57_1_124	58_0_582	59_0_553	5_0_615	60_0_580	61_0_581	62_0_187	63_0_1103	64_0_552	65_0_593	66_0_2186	67_0_633	6_0_2753	73_1_1680	88_0_16	95_0_321	96_0_2122	97_0_2133	99_0_323	9_0_18
cluster_409	104_0_2994	106_1_3146	114_0_578	115_0_616	116_0_605	117_0_2694	118_0_569	151_0_525	156_0_2376	157_0_520	158_1_2367	159_0_2377	160_0_2369	161_0_2722	189_0_2484	190_1_540	191_0_516	192_0_2275	193_0_2482	194_0_2490	19_0_2246	206_0_521	207_0_2522	22_0_2831	23_1_225	26_0_2577	40_0_1084	47_0_1366	74_0_2355	77_1_551	7_0_966	80_0_3061	82_1_508	98_0_550
cluster_41	200_0_758
cluster_410	107_0_394	198_0_219	29_0_2762	46_0_1335
cluster_411	110_0_2677	112_0_2681	113_0_2679	196_0_981	30_0_2425	55_0_2172
cluster_412	13_1_1597
cluster_413	121_0_475
cluster_414	122_0_2442	123_0_2105	124_0_580	181_1_506	188_0_525	210_0_2476	21_0_1584	25_0_2657	41_0_539	72_0_2123	87_0_547	92_1_1397	93_0_2370	94_1_536
cluster_415	148_0_2540
cluster_416	14_0_483
cluster_417	15_0_2461	232_0_560	24_0_2395	81_0_448
cluster_418	162_0_2423	175_0_369	176_0_588	177_0_2533	178_0_875	179_0_2539	186_0_1313
cluster_419	16_0_2551	184_0_2314	43_0_241	50_0_2293	51_0_2323	52_0_2501	53_0_2429
cluster_42	154_0_746
cluster_420	174_0_802	197_0_768
cluster_421	17_0_2150
cluster_422	180_0_2652
cluster_423	0_1_794
cluster_424	185_0_2038
cluster_425	209_0_403	83_0_519
cluster_426	231_0_1718
cluster_427	31_0_445
cluster_428	33_0_2649
cluster_429	44_1_1625
cluster_43	15_0_17	24_0_18
cluster_430	45_1_123
cluster_431	68_0_1709	75_0_517
cluster_432	79_1_369
cluster_433	89_1_2399	91_0_248
cluster_434	0_0_598
cluster_435	186_0_1578
cluster_436	31_0_746
cluster_437	104_0_1602	106_1_1728	114_0_2198	115_0_2308	116_0_2266	117_0_834	118_0_2406	13_0_823	151_0_2123	156_0_745	157_0_2305	158_1_736	159_0_745	160_0_736	161_0_2550	189_0_767	190_1_2122	191_0_2221	192_0_460	193_0_793	194_0_801	19_0_760	206_0_2227	207_0_795	22_0_1128	23_1_1823	26_0_2398	40_0_2824	47_0_3088	74_0_929	77_1_2329	80_0_1188	82_1_2134	98_0_2299
cluster_438	107_0_2400	198_0_2056	29_0_921	46_0_2697
cluster_439	14_0_1711
cluster_44	100_0_2680	101_2_1749	103_0_1684	119_0_564	125_0_1729	126_0_1745	127_0_1688	128_0_1686	129_0_1739	12_0_866	131_0_1739	132_0_1697	133_0_1693	134_0_1592	135_0_1680	136_0_1711	137_0_1607	138_0_1729	139_0_1729	140_0_1706	141_0_1698	142_0_1687	143_0_1712	147_0_683	149_0_738	150_0_1673	152_0_1696	154_0_1588	155_0_1661	163_0_1087	164_0_1642	165_0_1634	166_0_922	167_0_1624	168_0_1737	168_0_1738	169_0_1736	170_0_1730	171_0_1677	172_0_1955	173_0_1654	18_0_988	195_0_1028	199_0_1689	200_0_1658	201_0_948	202_0_948	203_0_1737	204_1_2035	208_0_1646	213_0_336	214_0_2058	215_0_938	217_0_1235	218_0_2150	219_0_1865	220_0_2295	221_0_1718	222_0_2369	223_0_248	224_0_460	225_0_2583	226_0_667	227_0_1869	228_0_125	230_0_1721	234_0_1694	235_0_865	236_0_1694	237_0_1695	238_0_780	239_0_1709	240_0_1771	32_1_561	34_0_864	35_1_1036	37_0_2594	38_0_1695	39_0_959	42_0_1720	4_0_1009	54_0_1784	57_1_561	58_0_1017	59_0_976	60_0_1015	61_0_1017	62_0_624	63_0_679	64_0_988	65_0_1040	66_0_1750	67_0_1042	6_0_2227	73_1_1248	88_0_531	95_0_743	96_0_1698	97_0_1709	99_0_747	9_0_567
cluster_440	180_0_1352
cluster_441	70_7_111
cluster_442	79_1_1973
cluster_443	7_0_2521	91_0_1599
cluster_444	14_0_2139
cluster_445	0_1_684
cluster_446	13_0_2487
cluster_447	14_1_262
cluster_448	104_0_2846	106_1_2998	114_0_431	115_0_446	116_0_431	117_0_2841	118_0_426	151_0_386	156_0_2515	157_0_381	158_1_2663	159_0_2516	160_0_2665	161_0_2861	189_0_2652	190_1_401	191_0_378	192_0_2423	193_0_2628	194_0_2636	19_0_2385	206_0_381	207_0_2661	22_0_2973	23_1_85	26_0_2719	40_0_936	47_0_1046	74_0_2207	77_1_409	80_0_3230	82_1_368	98_0_408
cluster_449	122_0_2585	123_0_2248	124_0_435	181_1_367	188_0_384	210_0_2640	21_0_1726	7_0_825	89_1_2255	91_0_392	92_1_1594	93_0_2514	94_1_392
cluster_45	185_1_352
cluster_450	100_0_2486	101_2_1552	103_0_1485	111_1_847	119_0_762	125_0_1536	126_0_1551	127_0_1495	128_0_1492	129_0_1546	12_0_1053	131_0_1496	132_0_1502	133_0_1497	143_0_1518	147_0_875	149_0_932	150_0_1479	152_0_1503	154_0_1395	155_0_1467	163_0_893	164_0_1459	165_0_1056	168_0_1539	169_0_1538	169_0_1540	170_0_1536	171_0_1482	172_0_1759	173_0_1453	18_0_1183	195_0_1216	199_0_1495	201_0_1142	202_0_1142	203_0_1544	204_1_2229	211_0_117	213_0_529	214_0_1867	215_0_1126	216_0_1421	217_0_1422	218_0_2344	219_0_1671	220_0_2482	221_0_1531	222_0_2175	223_0_54	224_0_654	225_0_142	226_0_474	227_0_1675	228_0_2585	230_0_1528	234_0_1500	235_0_1468	236_0_1500	237_0_1501	238_0_976	238_0_977	239_0_1515	240_0_1576	32_1_756	34_0_1062	35_1_1228	37_0_1453	38_0_1889	39_0_1151	42_0_1525	4_0_1216	54_0_1587	57_1_756	58_0_1216	59_0_1170	5_0_1378	60_0_1214	61_0_1216	62_0_822	63_0_485	64_0_1187	65_0_1241	66_0_1552	67_0_1239	6_0_2027	73_1_1049	88_0_730	95_0_937	96_0_1504	97_0_1514	99_0_944	9_0_772
cluster_451	180_0_2506
cluster_452	200_0_1438
cluster_453	100_0_2484	101_2_1550	103_0_1483	111_1_849	119_0_764	125_0_1534	126_0_1549	127_0_1493	128_0_1490	129_0_1544	12_0_1055	130_0_1522	131_0_1494	132_0_1500	133_0_1495	143_0_1516	147_0_877	149_0_934	150_0_1477	152_0_1501	154_0_1393	155_0_1465	163_0_891	164_0_1457	165_0_1058	168_0_1537	169_0_1536	170_0_1534	171_0_1480	172_0_1756	173_0_1451	18_0_1185	195_0_1218	199_0_1493	201_0_1144	202_0_1144	203_0_1542	204_1_2231	211_0_115	213_0_531	214_0_1865	215_0_1128	216_0_1419	217_0_1424	218_0_2346	219_0_1669	220_0_2484	221_0_1529	222_0_2173	223_0_52	224_0_656	225_0_144	226_0_472	227_0_1673	228_0_2583	230_0_1526	234_0_1498	235_0_1466	236_0_1498	237_0_1499	238_0_979	239_0_1513	240_0_1574	32_1_758	34_0_1064	35_1_1230	37_0_1451	38_0_1891	39_0_1153	42_0_1523	4_0_1218	54_0_1585	57_1_758	58_0_1218	59_0_1172	5_0_1380	60_0_1216	61_0_1218	62_0_824	63_0_483	64_0_1189	65_0_1243	66_0_1550	67_0_1241	6_0_2025	73_1_1047	88_0_732	95_0_939	96_0_1502	97_0_1512	99_0_946	9_0_774
cluster_454	200_0_1436
cluster_455	14_0_468
cluster_456	105_0_558
cluster_457	36_19_27
cluster_458	146_0_945
cluster_459	100_0_2488	101_2_1554	103_0_1487	111_1_845	119_0_760	125_0_1538	126_0_1553	127_0_1497	128_0_1494	129_0_1548	12_0_1051	130_0_1525	131_0_1498	132_0_1504	133_0_1499	143_0_1520	147_0_873	149_0_930	150_0_1481	152_0_1505	154_0_1397	155_0_1469	163_0_895	164_0_1461	165_0_1054	168_0_1541	169_0_1542	170_0_1538	171_0_1484	172_0_1761	173_0_1455	18_0_1181	195_0_1214	199_0_1497	201_0_1140	202_0_1140	203_0_1546	204_1_2227	211_0_119	213_0_527	214_0_1869	215_0_1124	216_0_1423	217_0_1420	218_0_2342	219_0_1673	220_0_2480	221_0_1533	222_0_2177	223_0_56	224_0_652	225_0_140	226_0_476	227_0_1677	228_0_2587	230_0_1530	234_0_1502	235_0_1470	236_0_1502	237_0_1503	238_0_974	239_0_1517	240_0_1578	32_1_754	34_0_1060	35_1_1226	37_0_1455	38_0_1887	39_0_1149	42_0_1527	4_0_1214	54_0_1589	57_1_754	58_0_1214	59_0_1168	5_0_1376	60_0_1212	61_0_1214	62_0_820	63_0_487	64_0_1185	65_0_1239	66_0_1554	67_0_1237	6_0_2029	73_1_1051	88_0_728	95_0_935	96_0_1506	97_0_1516	99_0_942	9_0_770
cluster_46	36_19_176
cluster_460	103_2_59	119_1_572	140_1_652	141_1_616	142_1_571	165_1_403	166_1_468	173_1_614	200_1_188	238_1_661	240_1_471	32_0_571	37_0_2256	57_0_573
cluster_461	107_1_1674	198_1_1193	29_1_286	46_1_1799
cluster_462	180_1_920
cluster_463	200_0_1440
cluster_464	25_1_592	87_1_1100
cluster_465	41_1_808	72_1_1264
cluster_466	79_0_1408
cluster_467	104_1_1365	106_0_193	114_1_1456	115_1_1567	116_1_1581	117_1_1072	118_1_1218	124_1_502	151_1_1375	156_1_263	157_1_1367	158_0_1063	159_1_263	160_1_1061	161_1_479	190_0_1099	191_1_1250	192_1_981	193_1_274	194_1_972	19_1_1076	206_1_1146	22_1_870	23_0_1029	26_1_500	40_1_227	47_1_178	74_1_1260	77_0_509	80_1_382	82_0_369	89_0_958	91_1_553	98_1_1262
cluster_468	13_0_2635
cluster_469	15_0_2084	232_0_872	24_0_2029	81_0_740
cluster_47	105_0_835	11_1_732	145_1_278	1_2_719	205_1_799	28_1_692	49_1_735	8_1_197
cluster_470	182_1_225
cluster_471	102_1_1236	10_0_2485
cluster_472	104_0_1598	106_1_1724	114_0_2194	115_0_2304	116_0_2262	118_0_2402	13_0_827	151_0_2119	157_0_2301	158_1_740	160_0_740	190_1_2118	191_0_2217	192_0_464	19_0_764	206_0_2223	207_0_799	22_0_1132	23_1_1819	26_0_2394	40_0_2820	47_0_3084	74_0_925	82_1_2130	98_0_2295
cluster_473	107_0_2396	198_0_2052	29_0_925	46_0_2701
cluster_474	108_0_2057
cluster_475	110_0_732	112_0_733	113_0_732	196_0_2937	30_0_563	55_0_1021
cluster_476	121_0_776
cluster_477	148_0_817
cluster_478	14_0_984
cluster_479	0_0_1262
cluster_48	183_0_2002
cluster_480	153_1_1494
cluster_481	162_0_2164	174_0_538	175_0_636	176_0_304	177_0_2271	178_0_591	179_0_2811	186_0_1582	197_0_1041	75_0_2021
cluster_482	185_0_1760
cluster_483	209_0_861	83_0_1048
cluster_484	231_0_516
cluster_485	31_0_749
cluster_486	33_0_2415
cluster_487	45_1_1663	90_1_579
cluster_488	68_0_446
cluster_489	78_0_1865
cluster_49	108_1_90
cluster_490	0_0_1264
cluster_491	86_0_769
cluster_492	100_0_1622	101_0_448	103_2_681	111_0_1059	119_1_1135	125_1_122	126_1_123	127_1_123	128_1_122	129_1_122	12_1_119	130_1_122	131_1_121	132_1_122	133_1_121	134_1_124	135_1_125	136_1_121	136_refound_4493	137_1_123	138_1_124	139_1_124	140_1_123	141_1_123	142_1_122	143_1_121	147_1_176	149_1_123	150_1_122	152_1_122	154_1_7	155_1_33	163_1_1030	164_1_128	165_1_846	166_1_127	167_1_127	168_1_122	169_1_120	170_1_123	171_1_122	172_1_125	173_1_120	18_1_124	199_1_299	200_1_1041	201_1_121	202_1_930	203_1_844	204_0_142	208_1_828	211_1_526	213_1_445	214_1_635	215_1_76	216_1_165	217_1_349	218_1_859	219_1_615	220_1_157	221_1_540	222_1_318	223_1_886	224_1_17	225_1_0	225_1_967	226_1_42	227_1_532	228_1_182	230_1_575	234_1_580	235_1_18	236_1_70	237_1_38	238_1_291	239_1_161	240_1_127	32_0_1050	34_1_120	37_0_1711	38_0_858	39_1_121	42_1_124	4_1_131	54_1_127	57_0_1053	58_1_130	59_1_423	5_1_129	60_1_128	61_1_130	62_1_127	63_1_239	64_1_129	65_1_130	66_1_1038	67_1_131	6_1_105	73_0_1051	88_1_926	95_1_123	96_1_129	97_1_122	99_1_125	9_1_929
cluster_493	107_1_224	198_1_640	29_1_834	46_1_359
cluster_494	14_1_763
cluster_495	14_1_1040
cluster_496	231_0_2266
cluster_497	78_1_126
cluster_498	110_0_1055	112_0_1057	113_0_1056	196_0_2623	30_0_874	55_0_709
cluster_499	114_1_323	115_1_381	116_1_385	123_1_266	124_1_79	158_0_470	160_1_469	47_1_1244	7_1_905	89_0_452	91_1_137
cluster_5	0_0_1263
cluster_50	162_1_936	174_1_636	175_1_1049	177_1_587	178_1_780	186_1_276
cluster_500	185_1_101
cluster_501	0_0_1260
cluster_502	33_0_1170
cluster_503	148_0_990
cluster_504	14_0_2374
cluster_505	182_4_139
cluster_506	15_0_2083	232_0_873	24_0_2028	81_0_741
cluster_507	14_0_985
cluster_508	153_1_1493
cluster_509	100_0_2752	101_2_1824	103_0_1759	111_1_477	119_0_489	125_0_1799	126_0_1816	127_0_1759	128_0_1757	129_0_1810	130_0_1852	131_0_1821	132_0_1779	133_0_1764	134_0_1664	135_0_1751	136_0_1783	137_0_1698	138_0_1801	139_0_1801	140_0_1788	141_0_1780	142_0_1777	143_0_1789	147_0_614	149_0_668	150_0_1744	152_0_1767	154_0_1678	155_0_1733	163_0_1159	164_0_1720	165_0_797	166_0_829	167_0_1697	168_0_1813	169_0_1821	170_0_1806	171_0_1750	172_0_2028	173_0_1726	18_0_913	199_0_1761	201_0_875	202_0_875	203_0_1810	204_1_384	208_0_1733	211_0_381	213_0_263	214_0_2129	215_0_865	216_0_1682	217_0_1164	218_0_2077	219_0_1938	220_0_2222	221_0_1791	222_0_2442	223_0_321	224_0_387	225_0_2510	226_0_740	227_0_1941	228_0_198	230_0_1806	234_0_1765	235_0_1728	236_0_1765	237_0_1766	238_0_1712	239_0_1781	240_0_1843	32_1_488	34_0_787	35_1_964	37_0_2681	38_0_1620	39_0_885	42_0_1795	4_0_930	54_0_1860	57_1_488	58_0_942	59_0_904	5_0_990	60_0_940	61_0_942	62_0_547	63_0_751	64_0_912	65_0_964	66_0_1826	67_0_966	6_0_2303	73_1_1323	88_0_456	95_0_672	96_0_1770	97_0_1791	99_0_674	9_0_490
cluster_51	16_1_863	184_1_603	187_1_186	43_1_1149	50_1_276	51_1_969	52_1_1147	53_1_1268
cluster_510	200_0_1739
cluster_511	100_0_2042	101_2_1055	103_0_988	111_1_1315	125_0_1018	126_0_1030	127_0_1025	128_0_1026	129_0_1065	12_0_1437	12_0_1445	131_0_996	132_0_1001	133_0_996	135_0_1005	136_0_1016	143_0_1015	147_0_1391	149_0_1452	152_0_1027	154_0_994	155_0_1030	163_0_1574	163_1_657	166_0_1595	169_0_1019	170_0_1102	172_0_1230	18_0_1710	199_0_1030	200_0_1023	201_0_1610	202_0_1615	203_0_1073	204_1_140	211_0_2271	213_0_987	214_0_1428	215_0_1569	216_0_969	217_0_1874	218_0_160	219_0_1200	220_0_370	221_0_1079	222_0_1704	223_0_2239	224_0_1108	225_0_595	226_0_11	226_0_2650	227_0_1212	228_0_2114	230_0_1040	239_0_1033	34_0_1554	35_1_1682	38_0_2371	39_0_1613	42_0_1052	4_0_1690	54_0_1100	58_0_1687	59_0_1626	5_0_1862	60_0_1689	61_0_1690	62_0_1301	64_0_1663	65_0_1720	66_0_1072	67_0_1709	6_0_1553	73_1_554	88_0_1211	95_0_1464	96_0_1030	97_0_1010	99_0_1476	9_0_1259
cluster_512	13_1_1176
cluster_513	102_1_1237	10_0_2484
cluster_514	104_0_1597	106_1_1723	114_0_2193	115_0_2303	116_0_2261	117_0_839	118_0_2401	151_0_2118	156_0_750	157_0_2300	158_1_741	159_0_750	160_0_741	161_0_2545	189_0_772	190_1_2117	191_0_2216	192_0_465	193_0_798	194_0_806	19_0_765	206_0_2222	207_0_800	22_0_1133	23_1_1818	26_0_2393	40_0_2819	47_0_3083	74_0_924	77_1_2324	80_0_1193	82_1_2129	98_0_2294
cluster_515	105_1_880	145_0_2431
cluster_516	107_0_2395	198_0_2051	25_0_1246	29_0_926	41_0_2429	46_0_2702	72_0_815	79_1_1968	87_0_2285
cluster_517	108_0_2056
cluster_518	109_0_2109
cluster_519	110_0_733	112_0_734	113_0_733	196_0_2936	30_0_564	55_0_1020
cluster_52	176_1_853	197_1_446
cluster_520	11_0_2215	1_1_1010	205_0_792	28_0_923	49_0_2188	8_0_166
cluster_521	120_0_755
cluster_522	121_0_777
cluster_523	27_3_272
cluster_524	122_0_771	123_0_454	124_0_2157	181_1_2183	188_0_2143	210_0_936	21_0_2958	7_0_2516	89_1_1047	91_0_1604	92_1_2847	93_0_547	94_1_2241
cluster_525	146_1_1001
cluster_526	148_0_818
cluster_527	162_0_2163	174_0_537	175_0_637	176_0_303	177_0_2270	178_0_590	179_0_2812	186_0_1583	197_0_1042	68_0_445	75_0_2020
cluster_528	16_0_751	184_0_750	187_0_784	43_0_1790	50_0_750	51_0_767	52_0_811	53_0_859
cluster_529	17_0_798	2_0_799	3_2_796
cluster_53	179_1_759	68_1_1011
cluster_530	180_0_1347
cluster_531	182_1_224
cluster_532	183_0_911	20_24_48
cluster_533	185_0_1759
cluster_534	36_13_167
cluster_535	209_0_862	83_0_1049
cluster_536	212_0_1816	229_0_794
cluster_537	231_0_515
cluster_538	233_0_201
cluster_539	31_0_750
cluster_54	20_20_10	233_54_18
cluster_540	33_0_2414
cluster_541	45_1_1662	90_1_578
cluster_542	56_1_74
cluster_543	69_0_157	70_18_56
cluster_544	78_0_1866
cluster_545	0_1_138
cluster_546	86_0_770
cluster_547	107_0_2457	114_0_2261	115_0_2371	116_0_2329	117_0_771	118_0_2469	151_0_2176	156_0_692	157_0_2359	158_1_683	159_0_692	160_0_683	161_0_2612	180_0_1416	189_0_713	190_1_2176	191_0_2283	192_0_397	193_0_730	194_0_738	198_0_2112	19_0_708	206_0_2281	207_0_741	22_0_1064	23_1_1878	25_0_1308	26_0_2463	29_0_867	41_0_2497	47_0_27	72_0_886	74_0_993	77_1_2393	80_0_1117	87_0_2355	98_0_2354
cluster_548	104_0_1673	106_1_1791	40_0_2888	46_0_2638	82_1_2188
cluster_549	164_0_1740
cluster_55	75_1_509
cluster_550	48_28_322
cluster_551	122_0_703	123_0_392	124_0_2220	181_1_2251	188_0_2209	210_0_877	21_0_2886	7_0_2571	89_1_1109	91_0_1540	92_1_2786	93_0_485	94_1_2311
cluster_552	105_1_821	11_0_2277	1_1_946	49_0_2247	8_0_224
cluster_553	166_0_808	240_0_1863
cluster_554	102_1_1213	10_0_2508
cluster_555	145_0_2373
cluster_556	36_3_100
cluster_557	36_3_162
cluster_558	131_0_1841	132_0_1799	133_0_1784	143_0_1809	169_0_1841	230_0_1826	38_0_1600	97_0_1811
cluster_559	231_0_1372
cluster_56	104_1_53	106_0_508	114_1_1055	115_1_1159	116_1_1175	117_1_1478	118_1_1534	151_1_146	156_1_574	157_1_100	158_0_1357	159_1_574	160_1_1355	161_1_698	189_1_571	190_0_773	191_1_939	192_1_1434	193_1_601	194_1_644	19_1_777	206_1_733	207_1_726	22_1_1154	23_0_705	26_1_733	40_1_543	47_1_497	74_1_1614	77_0_780	80_1_660	82_0_667	98_1_924
cluster_560	100_0_2773	101_2_1847	111_1_456	119_0_467	125_0_1819	126_0_1836	127_0_1779	128_0_1777	129_0_1830	12_0_778	130_0_1872	137_0_1718	138_0_1821	139_0_1820	147_0_594	149_0_648	150_0_1763	152_0_1787	154_0_1698	155_0_1753	163_0_1179	171_0_1770	18_0_893	199_0_1781	201_0_855	202_0_855	203_0_1830	208_0_1753	211_0_400	213_0_243	214_0_2148	215_0_846	216_0_1702	217_0_1144	218_0_2057	219_0_1958	220_0_2203	221_0_1811	222_0_2462	223_0_341	224_0_367	225_0_2490	226_0_760	227_0_1961	228_0_218	234_0_1785	236_0_1785	237_0_1786	239_0_1801	32_1_467	34_0_765	35_1_944	37_0_2701	39_0_865	42_0_1816	4_0_908	54_0_1880	57_1_467	58_0_920	59_0_884	5_0_968	60_0_918	61_0_920	62_0_525	63_0_771	64_0_890	65_0_942	66_0_1848	67_0_944	6_0_2325	73_1_1345	88_0_434	95_0_652	96_0_1790	99_0_654	9_0_467
cluster_561	200_0_200
cluster_562	168_0_1834
cluster_563	104_0_2149	106_1_2263	114_0_2762	115_0_2904	116_0_2810	117_0_253	118_0_2967	13_0_251	151_0_2667	156_0_228	157_0_2842	158_1_236	159_0_228	160_0_236	161_0_252	189_0_241	190_1_2655	191_0_2733	192_0_3157	193_0_238	194_0_240	19_0_258	206_0_2791	207_0_245	22_0_585	23_1_2355	26_0_277	40_0_200	47_0_498	74_0_1503	77_1_2879	80_0_640	82_1_2635	98_0_2828
cluster_564	232_0_852
cluster_565	182_0_924
cluster_566	14_0_490
cluster_567	173_0_1747
cluster_568	27_5_104
cluster_569	185_0_2031
cluster_57	0_0_1921
cluster_570	122_0_243	123_0_2976	124_0_2733	181_1_2718	188_0_2700	210_0_378	21_0_2422	7_0_136	89_1_1588	91_0_1053	92_1_2253	93_0_12	94_1_2775
cluster_571	100_0_3099	101_2_2268	103_0_2078	111_1_129	119_0_132	125_0_2141	126_0_2157	127_0_2101	128_0_2192	129_0_2151	12_0_506	130_0_2164	131_0_2129	132_0_2088	133_0_2091	134_0_1983	135_0_2065	136_0_2096	137_0_2011	138_0_2119	139_0_2119	140_0_2088	141_0_2080	142_0_2101	143_0_2118	147_0_276	149_0_326	150_0_2161	152_0_2108	154_0_1972	155_0_2152	163_0_510	164_0_2064	165_0_370	166_0_2335	167_0_2040	168_0_2166	169_0_2157	170_0_2138	171_0_2063	172_0_2457	173_0_2060	18_0_569	195_0_551	199_0_2103	201_0_439	202_0_439	203_0_2246	204_1_736	208_0_2073	211_0_808	213_0_2446	214_0_2550	215_0_445	216_0_2094	217_0_744	218_0_1642	219_0_2373	220_0_1804	221_0_2203	222_0_223	223_0_756	224_0_2587	225_0_2075	226_0_1166	227_0_2376	228_0_633	230_0_2140	234_0_2182	235_0_2170	236_0_2182	237_0_2183	238_0_2027	239_0_2208	240_0_2228	32_1_131	34_0_435	35_1_536	37_0_2991	38_0_3104	39_0_447	42_0_2236	4_0_561	54_0_2213	57_1_131	58_0_589	59_0_560	5_0_622	60_0_587	61_0_588	62_0_194	63_0_1096	64_0_559	65_0_600	66_0_2179	67_0_640	6_0_2746	73_1_1673	88_0_23	95_0_328	96_0_2115	97_0_2126	99_0_330	9_0_25
cluster_572	102_1_2836	10_0_865
cluster_573	104_0_3001	106_1_3153	114_0_585	115_0_623	116_0_612	117_0_2687	118_0_576	151_0_532	156_0_2369	157_0_527	158_1_2360	159_0_2370	160_0_2362	161_0_2715	189_0_2477	190_1_547	191_0_523	192_0_2268	193_0_2475	194_0_2483	19_0_2239	206_0_528	207_0_2515	22_0_2824	23_1_232	26_0_2570	40_0_1091	47_0_1373	74_0_2362	77_1_558	80_0_3054	82_1_515	98_0_557
cluster_574	105_1_2524	11_0_567	145_0_1145	1_1_2735	205_0_2282	28_0_2422	49_0_527	8_0_1471
cluster_575	107_0_401	198_0_226	25_0_2664	29_0_2755	41_0_546	46_0_1328	72_0_2130	87_0_554
cluster_576	108_0_2313
cluster_577	110_0_2670	112_0_2674	113_0_2672	196_0_988	30_0_2418	55_0_2179
cluster_578	120_0_2262
cluster_579	0_0_1753
cluster_58	107_1_1229	198_1_1616	29_1_1796	46_1_1371
cluster_580	121_0_482
cluster_581	122_0_2435	123_0_2098	181_1_513	188_0_532	210_0_2469	21_0_1577	92_1_1390	93_0_2363	94_1_543
cluster_582	124_0_587	7_0_973	89_1_2406	91_0_241
cluster_583	146_1_2348
cluster_584	15_0_2454	232_0_567	24_0_2388	81_0_455
cluster_585	162_0_2416	174_0_795	175_0_376	176_0_581	177_0_2526	178_0_868	179_0_2546	186_0_1320	197_0_775	68_0_1716	75_0_524
cluster_586	16_0_2544	184_0_2307	43_0_248	50_0_2286	51_0_2316	52_0_2494	53_0_2422
cluster_587	180_0_2659
cluster_588	187_0_2320
cluster_589	200_0_2070
cluster_59	122_1_757	123_1_1197	124_1_778	181_0_115	188_1_1319	210_1_715	21_1_1146	7_1_210	89_0_1232	91_1_865	92_2_171	93_1_1184	94_0_992
cluster_590	0_0_976
cluster_591	209_0_410	83_0_529
cluster_592	212_0_496
cluster_593	231_0_1725
cluster_594	233_83_2
cluster_595	2_0_2167
cluster_596	31_0_452
cluster_597	33_0_2642
cluster_598	45_1_130	90_1_1865
cluster_599	78_0_1645
cluster_6	13_0_2634
cluster_60	17_0_997	2_0_979	3_2_989
cluster_600	79_1_376
cluster_601	13_0_828
cluster_602	86_0_2114
cluster_603	100_0_2482	101_2_1548	103_0_1481	111_1_851	119_0_766	125_0_1532	126_0_1547	127_0_1491	128_0_1488	129_0_1542	12_0_1057	130_0_1520	131_0_1492	132_0_1498	133_0_1493	143_0_1514	147_0_879	149_0_936	150_0_1475	152_0_1499	154_0_1391	155_0_1463	163_0_889	164_0_1455	165_0_1060	168_0_1535	169_0_1534	170_0_1532	171_0_1478	172_0_1754	173_0_1449	18_0_1187	195_0_1220	199_0_1491	201_0_1146	202_0_1146	203_0_1540	204_1_2233	211_0_113	213_0_533	214_0_1863	215_0_1130	216_0_1417	217_0_1426	218_0_2348	219_0_1667	220_0_2486	221_0_1527	222_0_2171	223_0_50	224_0_658	225_0_146	226_0_470	227_0_1671	228_0_2581	230_0_1524	234_0_1496	235_0_1464	236_0_1496	237_0_1497	238_0_981	239_0_1511	240_0_1572	32_1_760	34_0_1066	35_1_1232	37_0_1449	38_0_1893	39_0_1155	42_0_1521	4_0_1220	54_0_1583	57_1_760	58_0_1220	59_0_1174	5_0_1382	60_0_1218	61_0_1220	62_0_826	63_0_481	64_0_1191	65_0_1245	66_0_1548	67_0_1243	6_0_2023	73_1_1045	88_0_734	95_0_941	96_0_1500	97_0_1510	99_0_948	9_0_776
cluster_604	1_1_982
cluster_605	0_0_2639	100_0_237	101_2_214	103_0_165	111_1_2144	119_0_2094	125_0_202	126_0_206	127_0_202	128_0_201	129_0_201	12_0_2235	130_0_200	131_0_201	132_0_202	133_0_202	134_0_201	135_0_205	136_0_201	137_0_201	138_0_202	139_0_202	140_0_210	141_0_209	142_0_231	143_0_213	147_0_2207	149_0_2276	150_0_202	152_0_202	154_0_198	155_0_202	163_0_2304	164_0_232	165_0_2262	166_0_433	167_0_209	168_0_268	169_0_212	170_0_224	171_0_225	172_0_430	173_0_221	18_0_2541	195_0_2445	199_0_202	201_0_2439	202_0_2444	203_0_245	204_1_1396	208_0_209	211_0_1448	213_0_1807	214_0_622	215_0_2378	216_0_162	217_0_115	218_0_992	219_0_368	220_0_1173	221_0_283	222_0_872	223_0_1407	224_0_1940	225_0_1427	226_0_1818	227_0_381	228_0_1284	230_0_234	234_0_201	235_0_235	236_0_201	237_0_201	238_0_149	239_0_201	240_0_239	32_1_2043	34_0_2393	35_1_2502	37_0_207	38_0_200	39_0_2439	42_0_216	4_0_2555	54_0_213	57_1_2036	58_0_2578	59_0_2457	5_0_2744	60_0_2576	61_0_2578	62_0_2191	63_0_1771	64_0_2553	65_0_2616	66_0_241	67_0_2547	6_0_658	73_1_2353	88_0_2055	95_0_2293	96_0_201	97_0_207	99_0_2305	9_0_2136
cluster_606	102_1_204	10_0_551
cluster_607	105_1_2783	11_0_299	145_0_1418	1_1_3012	205_0_2539	28_0_2708	49_0_267	8_0_1213
cluster_608	107_0_2953	29_0_402	46_0_2143
cluster_609	121_0_171
cluster_61	41_1_377	72_1_819
cluster_610	146_1_1028
cluster_611	146_1_1488
cluster_612	27_3_273
cluster_613	148_0_177
cluster_614	153_1_2504
cluster_615	15_0_505	232_0_2459	24_0_481	81_0_2211
cluster_616	16_0_249	184_0_247	43_0_2290	50_0_249	51_0_240	52_0_292	53_0_341
cluster_617	180_0_1870
cluster_618	185_0_156
cluster_619	25_0_1804	87_0_2826
cluster_62	180_1_494
cluster_620	30_0_2851	36_17_25
cluster_621	31_0_2693
cluster_622	41_0_2979	72_0_1339
cluster_623	36_13_168
cluster_624	45_1_2661	90_1_1581
cluster_625	78_0_943
cluster_626	79_1_2477
cluster_627	134_0_1684	135_0_1771	136_0_1803	140_0_1808	141_0_1800	142_0_1797	167_0_1717
cluster_628	162_0_2721	174_0_1101	175_0_73	177_0_2840	178_0_1172	179_0_2198	186_0_2767	75_0_190
cluster_629	176_0_881
cluster_63	25_1_849	79_0_1707	87_1_687
cluster_630	187_0_223
cluster_631	197_0_503
cluster_632	200_0_1759	235_0_1748
cluster_633	33_0_3352
cluster_634	13_0_759
cluster_635	68_0_1397
cluster_636	81_0_722
cluster_637	83_0_3048
cluster_638	86_0_255
cluster_639	209_0_408	83_0_527
cluster_64	86_1_616
cluster_640	170_0_1826	204_1_404	238_0_1732
cluster_641	100_0_3101	101_2_2270	103_0_2080	111_1_127	119_0_130	125_0_2143	126_0_2159	127_0_2103	128_0_2194	129_0_2153	12_0_504	130_0_2166	131_0_2130	132_0_2090	133_0_2093	134_0_1985	135_0_2067	136_0_2098	137_0_2013	138_0_2121	139_0_2121	140_0_2090	141_0_2082	142_0_2103	143_0_2120	147_0_274	149_0_324	150_0_2163	152_0_2110	154_0_1974	155_0_2154	163_0_508	164_0_2066	165_0_368	166_0_2337	167_0_2042	168_0_2168	169_0_2159	170_0_2140	171_0_2065	172_0_2459	173_0_2062	18_0_567	195_0_549	199_0_2105	201_0_437	202_0_437	203_0_2248	204_1_738	208_0_2075	211_0_810	213_0_2444	214_0_2552	215_0_443	216_0_2096	217_0_742	218_0_1640	219_0_2375	220_0_1802	221_0_2205	222_0_225	223_0_758	224_0_2585	225_0_2073	226_0_1168	227_0_2378	228_0_635	230_0_2142	234_0_2184	235_0_2172	236_0_2184	237_0_2185	238_0_2029	239_0_2210	240_0_2230	32_1_129	34_0_433	35_1_534	37_0_2993	38_0_3106	39_0_445	42_0_2238	4_0_559	54_0_2215	57_1_129	58_0_587	59_0_558	5_0_620	60_0_585	61_0_586	62_0_192	63_0_1098	64_0_557	65_0_598	66_0_2181	67_0_638	6_0_2748	73_1_1675	88_0_21	95_0_326	96_0_2117	97_0_2128	99_0_328	9_0_23
cluster_642	102_1_2838	10_0_863
cluster_643	104_0_2999	106_1_3151	114_0_583	115_0_621	116_0_610	117_0_2689	118_0_574	122_0_2437	123_0_2100	151_0_530	156_0_2371	157_0_525	158_1_2362	159_0_2372	160_0_2364	161_0_2717	181_1_511	188_0_530	189_0_2479	190_1_545	191_0_521	192_0_2270	193_0_2477	194_0_2485	19_0_2241	206_0_526	207_0_2517	210_0_2471	21_0_1579	22_0_2826	23_1_230	26_0_2572	40_0_1089	47_0_1371	74_0_2360	77_1_556	80_0_3056	82_1_513	92_1_1392	93_0_2365	94_1_541	98_0_555
cluster_644	105_1_2526	11_0_565	145_0_1147	1_1_2737	205_0_2284	28_0_2424	49_0_525	8_0_1469
cluster_645	0_0_955
cluster_646	107_0_399	180_0_2657	198_0_224	25_0_2662	29_0_2757	41_0_544	46_0_1330	72_0_2128	79_1_374	87_0_552
cluster_647	108_0_2315
cluster_648	110_0_2672	112_0_2676	113_0_2674	196_0_986	30_0_2420	55_0_2177
cluster_649	120_0_2264
cluster_65	148_0_1754
cluster_650	121_0_480
cluster_651	124_0_585	7_0_971	89_1_2404	91_0_243
cluster_652	146_1_2346
cluster_653	14_0_488
cluster_654	162_0_2418	175_0_374	178_0_870
cluster_655	16_0_2546	184_0_2309	187_0_2322	43_0_246	50_0_2288	51_0_2318	52_0_2496	53_0_2424
cluster_656	27_29_32
cluster_657	174_0_797	176_0_583	177_0_2528	179_0_2544	186_0_1318	197_0_773	68_0_1714	75_0_522
cluster_658	17_0_2145	2_0_2169	3_2_2169
cluster_659	182_0_926
cluster_66	100_0_1164	101_0_961	103_2_134	111_0_593	119_1_648	125_1_645	126_1_653	127_1_658	128_1_612	129_1_654	12_1_464	130_1_551	131_1_734	132_1_670	133_1_611	134_1_764	135_1_685	136_1_537	137_1_765	138_1_752	139_1_745	140_1_783	141_1_748	142_1_714	143_1_620	147_1_687	149_1_639	150_1_582	152_1_649	154_1_768	155_1_527	163_1_743	164_1_641	165_1_334	166_1_541	167_1_577	168_1_638	169_1_542	170_1_536	171_1_600	173_1_686	18_1_653	195_1_590	199_1_794	201_1_579	202_1_457	203_1_374	204_0_659	208_1_198	211_1_61	213_1_886	214_1_185	217_1_802	218_1_364	219_1_148	221_1_88	222_1_813	223_1_391	224_1_512	225_1_495	226_1_537	227_1_37	228_1_677	230_1_103	234_1_136	235_1_481	236_1_568	237_1_483	238_1_723	238_1_724	239_1_608	240_1_541	32_0_644	34_1_744	35_0_554	37_0_2187	38_0_449	39_1_568	42_1_573	4_1_632	54_1_640	57_0_647	58_1_774	59_1_1007	5_1_598	60_1_661	61_1_754	62_1_705	63_1_768	64_1_791	65_1_672	65_1_673	66_1_417	67_1_776	6_1_609	73_0_481	88_1_411	95_1_599	96_1_608	97_1_627	99_1_602	9_1_382
cluster_660	185_0_2033
cluster_661	200_0_2072
cluster_662	212_0_494	229_0_2144
cluster_663	231_0_1723
cluster_664	31_0_450
cluster_665	45_1_128	90_1_1863
cluster_666	48_28_62
cluster_667	0_0_2182
cluster_668	0_0_605
cluster_669	86_0_2116
cluster_67	209_0_1196	83_0_1798
cluster_670	100_0_3026	101_2_2101	103_0_2005	111_1_201	119_0_204	125_0_2070	126_0_2086	127_0_2030	129_0_2080	12_0_574	131_0_2059	132_0_2018	133_0_2021	134_0_1913	135_0_1994	136_0_2026	137_0_1941	138_0_2049	139_0_2049	140_0_2017	141_0_2009	142_0_2029	143_0_2049	147_0_345	149_0_396	150_0_2015	152_0_2037	154_0_1903	155_0_2004	163_0_580	164_0_1992	165_0_533	166_0_2262	167_0_1969	168_0_2094	169_0_2084	170_0_2064	171_0_1992	172_0_2306	173_0_1986	18_0_640	195_0_697	199_0_2033	200_0_2000	201_0_602	202_0_602	203_0_2083	204_1_666	208_0_2004	211_0_649	213_0_2605	214_0_2395	215_0_602	216_0_1944	217_0_901	218_0_1804	219_0_2211	220_0_1961	221_0_2052	222_0_61	223_0_594	224_0_114	225_0_2237	226_0_1013	227_0_2214	228_0_471	230_0_2069	234_0_2038	235_0_2022	236_0_2038	237_0_2039	238_0_1958	239_0_2055	240_0_2156	32_1_202	34_0_511	35_1_695	37_0_2919	38_0_3034	39_0_613	42_0_2071	4_0_635	54_0_2141	57_1_203	58_0_664	59_0_631	5_0_696	60_0_662	61_0_662	62_0_270	63_0_1024	64_0_634	65_0_678	66_0_2104	67_0_717	6_0_2584	73_1_1601	88_0_178	95_0_399	96_0_2044	97_0_2055	99_0_401	9_0_193
cluster_671	15_0_2350	232_0_640	24_0_2289
cluster_672	15_0_2456	232_0_565	24_0_2390	81_0_453
cluster_673	33_0_2644
cluster_674	78_0_1643
cluster_675	110_2_140	112_2_184	113_2_27	30_3_157
cluster_676	174_0_1810	175_0_2281	176_0_1583	177_0_583
cluster_677	178_0_1942
cluster_678	182_0_923
cluster_679	13_0_2480
cluster_68	27_36_21
cluster_680	183_0_2752	20_31_114	233_83_4
cluster_681	68_0_699
cluster_682	70_3_84	71_19_15
cluster_683	78_0_1644
cluster_684	100_0_3098	101_2_2267	103_0_2077	111_1_130	119_0_133	125_0_2140	126_0_2156	127_0_2100	128_0_2191	129_0_2150	12_0_507	130_0_2163	131_0_2128	132_0_2087	133_0_2090	134_0_1982	135_0_2064	136_0_2095	137_0_2010	138_0_2118	139_0_2118	140_0_2087	141_0_2079	142_0_2100	143_0_2117	147_0_277	149_0_327	150_0_2160	152_0_2107	154_0_1971	155_0_2151	163_0_511	164_0_2063	165_0_371	166_0_2334	167_0_2039	168_0_2165	169_0_2156	170_0_2137	171_0_2062	172_0_2456	173_0_2059	18_0_570	195_0_552	199_0_2102	201_0_440	202_0_440	203_0_2245	204_1_735	208_0_2072	211_0_807	213_0_2447	214_0_2549	215_0_446	216_0_2093	217_0_745	218_0_1643	219_0_2372	220_0_1805	221_0_2202	222_0_222	223_0_755	224_0_2588	225_0_2076	226_0_1165	227_0_2375	228_0_632	230_0_2139	234_0_2181	235_0_2169	236_0_2181	237_0_2182	238_0_2026	239_0_2207	240_0_2227	32_1_132	34_0_436	35_1_537	37_0_2990	38_0_3103	39_0_448	42_0_2235	4_0_562	54_0_2212	57_1_132	58_0_590	59_0_561	5_0_623	60_0_588	61_0_589	62_0_195	63_0_1095	64_0_560	65_0_601	66_0_2178	67_0_641	6_0_2745	73_1_1672	88_0_24	95_0_329	96_0_2114	97_0_2125	99_0_331	9_0_26
cluster_685	102_1_2835	10_0_866
cluster_686	104_0_3002	106_1_3154	114_0_586	115_0_624	116_0_613	117_0_2686	118_0_577	151_0_533	156_0_2368	157_0_528	158_1_2359	159_0_2369	160_0_2361	161_0_2714	189_0_2476	190_1_548	191_0_524	192_0_2267	193_0_2474	194_0_2482	19_0_2238	206_0_529	207_0_2514	22_0_2823	23_1_233	26_0_2569	40_0_1092	47_0_1374	74_0_2363	77_1_559	80_0_3053	82_1_516	98_0_558
cluster_687	105_1_2523	11_0_568	145_0_1144	1_1_2734	205_0_2281	28_0_2421	49_0_528	8_0_1472
cluster_688	107_0_402	180_0_2660	198_0_227	25_0_2665	29_0_2754	41_0_547	46_0_1327	72_0_2131	79_1_377	87_0_555
cluster_689	108_0_2312
cluster_69	44_1_2252
cluster_690	36_19_34
cluster_691	110_0_2669	112_0_2673	113_0_2671	196_0_989	30_0_2417	55_0_2180
cluster_692	121_0_483
cluster_693	122_0_2434	123_0_2097	124_0_588	181_1_514	188_0_533	210_0_2468	21_0_1576	7_0_974	89_1_2407	91_0_240	92_1_1389	93_0_2362	94_1_544
cluster_694	146_1_2349
cluster_695	14_0_491
cluster_696	15_0_2453	232_0_568	24_0_2387	81_0_456
cluster_697	162_0_2415	174_0_794	175_0_377	176_0_580	177_0_2525	178_0_867	179_0_2547	186_0_1321	197_0_776	68_0_1717	75_0_525
cluster_698	16_0_2543	184_0_2306	187_0_2319	43_0_249	50_0_2285	51_0_2315	52_0_2493	53_0_2421
cluster_699	17_0_2142	2_0_2166	3_2_2166
cluster_7	0_0_1261
cluster_70	48_30_86
cluster_700	185_0_2030
cluster_701	0_0_1266
cluster_702	200_0_2069
cluster_703	209_0_411	83_0_530
cluster_704	212_0_497	229_0_2141
cluster_705	231_0_1726
cluster_706	31_0_453
cluster_707	33_0_2641
cluster_708	44_1_1633
cluster_709	45_1_131	90_1_1866
cluster_71	146_0_702
cluster_710	69_5_170	70_3_82
cluster_711	78_0_1646
cluster_712	0_0_603
cluster_713	86_0_2113
cluster_714	100_0_3100	101_2_2269	103_0_2079	111_1_128	119_0_131	125_0_2142	126_0_2158	127_0_2102	128_0_2193	129_0_2152	12_0_505	130_0_2165	132_0_2089	133_0_2092	134_0_1984	135_0_2066	136_0_2097	137_0_2012	138_0_2120	139_0_2120	140_0_2089	141_0_2081	142_0_2102	143_0_2119	147_0_275	149_0_325	150_0_2162	152_0_2109	154_0_1973	155_0_2153	163_0_509	164_0_2065	165_0_369	166_0_2336	167_0_2041	168_0_2167	169_0_2158	170_0_2139	171_0_2064	172_0_2458	173_0_2061	18_0_568	195_0_550	199_0_2104	200_0_2071	201_0_438	202_0_438	203_0_2247	204_1_737	208_0_2074	211_0_809	213_0_2445	214_0_2551	215_0_444	216_0_2095	217_0_743	218_0_1641	219_0_2374	220_0_1803	221_0_2204	222_0_224	223_0_757	224_0_2586	225_0_2074	226_0_1167	227_0_2377	228_0_634	230_0_2141	234_0_2183	235_0_2171	236_0_2183	237_0_2184	238_0_2028	239_0_2209	240_0_2229	32_1_130	34_0_434	35_1_535	37_0_2992	38_0_3105	39_0_446	42_0_2237	4_0_560	54_0_2214	57_1_130	58_0_588	59_0_559	5_0_621	60_0_586	61_0_587	62_0_193	63_0_1097	64_0_558	65_0_599	66_0_2180	67_0_639	6_0_2747	73_1_1674	88_0_22	95_0_327	96_0_2116	97_0_2127	99_0_329	9_0_24
cluster_715	102_1_2837	10_0_864
cluster_716	104_0_1885	106_1_2000	114_0_2467	115_0_2609	116_0_2538	117_0_564	118_0_2699	124_0_2436	151_0_2398	156_0_490	157_0_2582	158_1_481	159_0_490	160_0_481	161_0_522	189_0_502	190_1_2384	191_0_2484	192_0_171	193_0_517	194_0_524	206_0_2540	207_0_524	22_0_852	23_1_2084	26_0_532	40_0_3095	47_0_240	74_0_1211	77_1_2605	7_0_2792	80_0_900	82_1_2385	89_1_1324	91_0_1318	98_0_2582
cluster_717	104_0_3000	106_1_3152	114_0_584	115_0_622	116_0_611	117_0_2688	118_0_575	151_0_531	156_0_2370	157_0_526	158_1_2361	159_0_2371	160_0_2363	161_0_2716	189_0_2478	190_1_546	191_0_522	192_0_2269	193_0_2476	194_0_2484	19_0_2240	206_0_527	207_0_2516	22_0_2825	23_1_231	25_0_2663	26_0_2571	40_0_1090	47_0_1372	74_0_2361	77_1_557	80_0_3055	82_1_514	87_0_553	98_0_556
cluster_718	105_1_2525	11_0_566	145_0_1146	1_1_2736	205_0_2283	28_0_2423	49_0_526	8_0_1470
cluster_719	107_0_2672	198_0_2330	29_0_652	46_0_2398	79_1_2237
cluster_72	200_1_122
cluster_720	107_0_400	122_0_2436	123_0_2099	180_0_2658	181_1_512	188_0_531	198_0_225	210_0_2470	21_0_1578	29_0_2756	41_0_545	46_0_1329	72_0_2129	79_1_375	92_1_1391	93_0_2364	94_1_542
cluster_721	108_0_2314
cluster_722	109_0_2341
cluster_723	13_0_2482
cluster_724	110_0_2671	112_0_2675	113_0_2673	196_0_987	30_0_2419	55_0_2178
cluster_725	110_0_543	112_0_544	113_0_543	196_0_14	30_0_368	55_0_1235
cluster_726	120_0_2263
cluster_727	121_0_481
cluster_728	122_0_501	123_0_198	181_1_2455	188_0_2405	210_0_660	21_0_2676	92_1_2546	93_0_287	94_1_2518
cluster_729	124_0_586	7_0_972	89_1_2405	91_0_242
cluster_73	102_2_197	10_1_315
cluster_730	146_1_2347
cluster_731	15_0_2455	232_0_566	24_0_2389	81_0_454
cluster_732	162_0_2417	174_0_796	175_0_375	176_0_582	177_0_2527	178_0_869	179_0_2545	186_0_1319	197_0_774	68_0_1715	75_0_523
cluster_733	16_0_2545	184_0_2308	187_0_2321	43_0_247	50_0_2287	51_0_2317	52_0_2495	53_0_2423
cluster_734	27_29_30
cluster_735	17_0_2144	3_2_2168
cluster_736	180_0_1619	25_0_1549	41_0_2704	72_0_1089	87_0_2571
cluster_737	187_0_498	51_0_495
cluster_738	231_0_1724
cluster_739	31_0_451
cluster_74	45_0_582	90_0_923
cluster_740	33_0_2643
cluster_741	45_1_129	90_1_1864
cluster_742	86_0_2115
cluster_743	86_0_476
cluster_744	48_28_61
cluster_745	36_19_32
cluster_746	100_0_3103	101_2_2272	103_0_2082	111_1_125	119_0_128	125_0_2145	126_0_2161	127_0_2105	128_0_2196	129_0_2155	12_0_502	130_0_2167	131_0_2132	132_0_2092	133_0_2095	134_0_1987	135_0_2069	136_0_2100	137_0_2015	138_0_2123	139_0_2123	140_0_2092	141_0_2084	142_0_2105	143_0_2122	147_0_272	149_0_322	150_0_2165	152_0_2112	154_0_1976	155_0_2156	163_0_506	164_0_2068	165_0_366	166_0_2339	167_0_2044	168_0_2170	169_0_2161	170_0_2142	171_0_2067	172_0_2461	173_0_2064	18_0_565	195_0_547	199_0_2107	201_0_435	202_0_435	203_0_2250	204_1_740	208_0_2077	211_0_812	213_0_2442	214_0_2554	215_0_441	216_0_2098	217_0_740	218_0_1638	219_0_2377	220_0_1800	221_0_2207	222_0_227	223_0_760	224_0_2583	225_0_2071	226_0_1170	227_0_2380	228_0_637	230_0_2144	234_0_2186	235_0_2174	236_0_2186	237_0_2187	238_0_2031	239_0_2212	240_0_2232	32_1_127	34_0_431	35_1_532	37_0_2995	38_0_3108	39_0_443	42_0_2240	4_0_557	54_0_2217	57_1_127	58_0_585	59_0_556	5_0_618	60_0_583	61_0_584	62_0_190	63_0_1100	64_0_555	65_0_596	66_0_2183	67_0_636	6_0_2750	73_1_1677	88_0_19	95_0_324	96_0_2119	97_0_2130	99_0_326	9_0_21
cluster_747	14_0_489
cluster_748	185_0_2032
cluster_749	209_0_409
cluster_75	109_1_142
cluster_750	182_0_925
cluster_751	183_0_2751	20_31_113	233_83_3
cluster_752	56_21_7
cluster_753	14_0_2193
cluster_754	121_0_1408
cluster_755	0_0_1507	100_0_2278	101_2_1297	103_0_1274	111_1_1081	119_0_1004	125_0_1253	126_0_1265	127_0_1261	128_0_1263	129_0_1300	12_0_1241	130_0_1304	131_0_1269	132_0_1274	133_0_1274	134_0_1211	135_0_1285	136_0_1301	137_0_1203	138_0_1320	139_0_1321	140_0_1269	141_0_1267	142_0_1270	143_0_1292	147_0_1157	149_0_1216	150_0_1234	152_0_1265	154_0_1206	155_0_1266	163_0_1338	164_0_1258	165_0_1260	166_0_1324	167_0_1226	168_0_1323	169_0_1293	170_0_1334	171_0_1272	172_0_1557	173_0_1229	18_0_1474	195_0_1448	199_0_1264	201_0_1373	202_0_1378	203_0_1309	204_1_2455	208_0_1244	211_0_2500	213_0_758	214_0_1650	215_0_1346	216_0_1190	217_0_1649	218_0_2583	219_0_1432	220_0_150	221_0_1301	222_0_1936	223_0_2471	224_0_876	225_0_363	226_0_243	227_0_1444	228_0_2346	230_0_1313	234_0_1240	235_0_1264	236_0_1240	237_0_1241	238_0_1211	239_0_1269	240_0_1378	32_1_963	34_0_1316	35_1_1455	37_0_1211	38_0_2096	39_0_1381	42_0_1289	4_0_1450	54_0_1338	57_1_961	58_0_1448	59_0_1393	5_0_1624	60_0_1449	61_0_1449	62_0_1064	63_0_238	64_0_1421	65_0_1476	66_0_1309	67_0_1470	6_0_1805	73_1_800	88_0_966	95_0_1230	96_0_1264	97_0_1285	99_0_1241	9_0_1016
cluster_756	0_0_678
cluster_757	200_0_1247
cluster_758	78_0_2868
cluster_759	51_0_2320	52_0_2498
cluster_76	107_1_1455	198_1_1393	29_1_82	46_1_1597
cluster_760	86_0_2118
cluster_761	104_0_2997	106_1_3149	114_0_581	115_0_619	116_0_608	117_0_2691	118_0_572	122_0_2439	123_0_2102	124_0_583	151_0_528	156_0_2373	157_0_523	158_1_2364	159_0_2374	160_0_2366	161_0_2719	181_1_509	188_0_528	189_0_2481	190_1_543	191_0_519	192_0_2272	193_0_2479	194_0_2487	19_0_2243	206_0_524	207_0_2519	210_0_2473	21_0_1581	22_0_2828	23_1_228	26_0_2574	40_0_1087	47_0_1369	74_0_2358	77_1_554	7_0_969	80_0_3058	82_1_511	89_1_2402	91_0_245	92_1_1394	93_0_2367	94_1_539	98_0_553
cluster_762	107_0_397	198_0_222	29_0_2759	41_0_542	46_0_1332	72_0_2126	87_0_550
cluster_763	180_0_2655
cluster_764	25_0_2660
cluster_765	79_1_372
cluster_766	14_0_486
cluster_767	27_29_33
cluster_768	182_0_928
cluster_769	110_0_2674	112_0_2678	113_0_2676	196_0_984	30_0_2422	55_0_2175
cluster_77	179_1_1230	25_1_1139	87_1_594
cluster_770	185_0_2035
cluster_771	79_0_800
cluster_772	100_0_2483	101_2_1549	103_0_1482	111_1_850	119_0_765	125_0_1533	126_0_1548	127_0_1492	128_0_1489	129_0_1543	12_0_1056	130_0_1521	131_0_1493	132_0_1499	133_0_1494	143_0_1515	147_0_878	149_0_935	150_0_1476	152_0_1500	154_0_1392	155_0_1464	163_0_890	164_0_1456	165_0_1059	168_0_1536	169_0_1535	170_0_1533	171_0_1479	172_0_1755	173_0_1450	18_0_1186	195_0_1219	199_0_1492	201_0_1145	202_0_1145	203_0_1541	204_1_2232	211_0_114	213_0_532	214_0_1864	215_0_1129	216_0_1418	217_0_1425	218_0_2347	219_0_1668	220_0_2485	221_0_1528	222_0_2172	223_0_51	224_0_657	225_0_145	226_0_471	227_0_1672	228_0_2582	230_0_1525	234_0_1497	235_0_1465	236_0_1497	237_0_1498	238_0_980	239_0_1512	240_0_1573	32_1_759	34_0_1065	35_1_1231	37_0_1450	38_0_1892	39_0_1154	42_0_1522	4_0_1219	54_0_1584	57_1_759	58_0_1219	59_0_1173	5_0_1381	60_0_1217	61_0_1219	62_0_825	63_0_482	64_0_1190	65_0_1244	66_0_1549	67_0_1242	6_0_2024	73_1_1046	88_0_733	95_0_940	96_0_1501	97_0_1511	99_0_947	9_0_775
cluster_773	162_1_1213
cluster_774	33_0_2413
cluster_775	100_0_1827	101_0_660	103_2_464	111_0_201	119_1_213	125_1_932	126_1_942	127_1_945	128_1_901	129_1_942	12_1_747	130_1_831	131_1_1004	132_1_945	133_1_892	134_1_1070	135_1_987	136_1_1065	137_1_1043	138_1_1047	139_1_1039	140_1_1078	141_1_1042	142_1_1008	143_1_957	147_1_974	149_1_929	150_1_871	152_1_936	154_1_69	155_1_238	163_1_344	164_1_946	165_1_909	166_1_883	167_1_945	168_1_914	169_1_877	170_1_813	171_1_954	172_1_829	173_1_996	18_1_946	195_1_872	199_1_503	201_1_870	202_1_166	203_1_83	204_0_66	208_1_1029	211_1_725	213_1_244	214_1_829	215_1_269	216_1_362	217_1_155	218_1_655	219_1_819	220_1_880	221_1_735	222_1_522	223_1_682	224_1_221	225_1_204	226_1_246	227_1_328	228_1_386	230_1_778	234_1_785	235_1_83	236_1_275	237_1_774	238_1_227	239_1_899	240_1_830	32_0_207	34_1_1053	35_0_837	37_0_1916	38_0_1060	39_1_856	42_1_867	4_1_954	54_1_945	57_0_209	58_1_1092	59_1_218	5_1_1030	60_1_977	61_1_1071	62_1_1018	63_1_33	64_1_1155	65_1_984	66_1_822	67_1_1095	6_1_313	73_0_179	88_1_711	95_1_889	96_1_901	97_1_908	99_1_895	9_1_707
cluster_776	102_2_913	10_1_823
cluster_777	104_1_907	106_0_1276	107_1_248	114_1_271	115_1_329	116_1_333	117_1_562	118_1_715	122_1_1433	123_1_303	124_1_27	151_1_892	156_1_1304	157_1_897	158_0_522	159_1_1305	160_1_521	161_1_30	180_1_1616	189_1_1361	190_0_30	191_1_207	192_1_483	193_1_1373	194_1_1621	198_1_616	19_1_30	206_1_1641	207_1_1552	22_1_421	23_0_1507	26_1_31	29_1_858	40_1_1310	41_1_1491	46_1_383	47_1_1296	72_1_1956	74_1_636	77_0_34	79_0_861	80_1_1556	82_0_1396	87_1_1649	98_1_18
cluster_778	13_0_754
cluster_779	0_0_606
cluster_78	180_1_416	41_1_237	72_1_734
cluster_780	105_0_31	11_1_26	145_1_889	1_2_27	205_1_1435	28_1_24	49_1_24	8_1_1101
cluster_781	110_1_1276	112_1_287	113_1_128	196_1_1169	30_1_274	55_1_1205
cluster_782	148_0_819
cluster_783	14_0_986
cluster_784	14_1_359
cluster_785	153_0_920
cluster_786	16_1_21	184_1_1383	187_1_1090	43_1_279	50_1_1050	51_1_142	52_1_228	53_1_436
cluster_787	174_1_1297	175_1_184	176_1_210	177_1_1272	178_1_128	179_1_255	186_1_952	197_1_1493	68_1_501
cluster_788	17_0_2354	2_0_2379	3_2_2379
cluster_789	181_0_960	188_1_375	210_1_29	21_1_415	7_1_959	89_0_414	91_1_99	92_2_891	93_1_450	94_0_115
cluster_79	36_27_87
cluster_790	13_0_2479
cluster_791	182_1_223
cluster_792	185_1_633
cluster_793	200_1_980
cluster_794	209_0_863	83_0_1050
cluster_795	20_24_47	233_0_202
cluster_796	231_1_483
cluster_797	31_1_1285
cluster_798	44_1_197
cluster_799	45_0_74	90_0_387
cluster_8	13_0_2636
cluster_80	81_0_2374
cluster_800	48_28_241
cluster_801	36_19_35
cluster_802	75_1_1269
cluster_803	86_1_121
cluster_804	28_0_2574
cluster_805	107_0_253	198_0_82	29_0_2899	46_0_1476
cluster_806	79_1_233
cluster_807	182_8_106
cluster_808	100_0_2603	101_2_1671	103_0_1606	111_1_676	119_0_642	125_0_1652	126_0_1668	127_0_1611	128_0_1609	129_0_1663	12_0_941	130_0_1687	131_0_1662	132_0_1620	133_0_1616	134_0_1515	135_0_1603	136_0_1634	137_0_1530	138_0_1650	139_0_1651	140_0_1629	141_0_1621	142_0_1610	143_0_1635	147_0_760	149_0_815	150_0_1596	152_0_1620	154_0_1511	155_0_1584	163_0_1010	164_0_1564	165_0_936	166_0_999	167_0_1547	168_0_1660	169_0_1658	170_0_1653	171_0_1600	172_0_1878	173_0_1572	18_0_1066	195_0_1101	199_0_1612	201_0_1025	202_0_1025	203_0_1660	204_1_2112	208_0_1569	211_0_232	213_0_413	214_0_1982	215_0_1012	216_0_1535	217_0_1310	218_0_2227	219_0_1788	220_0_2370	221_0_1643	222_0_2292	223_0_171	224_0_537	225_0_25	226_0_591	227_0_1792	228_0_48	230_0_1644	234_0_1617	235_0_1589	236_0_1617	237_0_1618	238_0_859	239_0_1632	240_0_1694	32_1_639	34_0_943	35_1_1112	37_0_2518	38_0_1771	39_0_1034	42_0_1642	4_0_1088	54_0_1706	57_1_639	58_0_1095	59_0_1053	5_0_1199	60_0_1093	61_0_1095	62_0_702	63_0_602	64_0_1067	65_0_1119	66_0_1672	67_0_1120	6_0_2148	73_1_1170	88_0_609	95_0_820	96_0_1621	97_0_1632	99_0_824	9_0_647
cluster_809	15_0_1883	232_0_1095	24_0_1827
cluster_81	212_1_653	229_1_583
cluster_810	104_0_1399	106_1_1526	114_0_1999	115_0_2107	116_0_2065	117_0_1062	118_0_2196	151_0_1931	156_0_937	157_0_2092	158_1_926	159_0_937	160_0_926	161_0_2337	189_0_959	190_1_1930	191_0_2030	192_0_664	193_0_995	194_0_1003	19_0_952	206_0_2035	207_0_994	22_0_1322	23_1_1607	26_0_2179	40_0_2622	47_0_2888	74_0_726	77_1_2113	80_0_1432	82_1_1942	98_0_2088
cluster_811	107_0_2190	180_0_1125	198_0_1849	29_0_1144	41_0_2217	46_0_2928	72_0_630
cluster_812	0_0_604
cluster_813	122_0_955	123_0_640	124_0_1971	181_1_2001	188_0_1962	210_0_1112	21_0_92	7_0_2329	89_1_850	91_0_1790	92_1_3029	93_0_731	94_1_2056
cluster_814	16_0_952	184_0_959	187_0_1020	43_0_1580	50_0_961	51_0_958	52_0_1057	53_0_1094
cluster_815	212_0_1174	229_0_1511
cluster_816	25_0_1025	87_0_2103
cluster_817	79_1_1742
cluster_818	104_0_1201	106_1_1331	114_0_1790	115_0_1896	116_0_1860	117_0_1263	118_0_1991	151_0_1722	156_0_1137	157_0_1905	158_1_1109	159_0_1137	160_0_1109	161_0_2135	189_0_1149	190_1_1727	191_0_1846	192_0_859	193_0_1204	194_0_1215	19_0_1131	206_0_1851	207_0_1232	22_0_1514	23_1_1419	26_0_1975	40_0_2421	47_0_2695	74_0_511	77_1_1923	80_0_1627	82_1_1757	98_0_1891
cluster_819	107_0_1899	198_0_1571	29_0_1438	46_0_3229
cluster_82	33_1_291
cluster_820	122_0_1134	123_0_819	124_0_1788	181_1_1825	188_0_1751	21_0_277	7_0_2140	89_1_669	91_0_1971	92_1_167	93_0_912	94_1_1872
cluster_821	180_0_821
cluster_822	200_0_1565
cluster_823	13_0_2481
cluster_824	25_0_72	87_0_1840
cluster_825	41_0_1936	72_0_345
cluster_826	0_0_608	101_2_2265	103_0_2075	119_0_135	4_0_564	54_0_2210
cluster_827	100_0_2485	101_2_1551	103_0_1484	111_1_848	119_0_763	125_0_1535	126_0_1550	127_0_1494	128_0_1491	129_0_1545	12_0_1054	130_0_1523	131_0_1495	132_0_1501	133_0_1496	143_0_1517	147_0_876	149_0_933	150_0_1478	152_0_1502	154_0_1394	155_0_1466	163_0_892	164_0_1458	165_0_1057	168_0_1538	169_0_1537	170_0_1535	171_0_1481	172_0_1757	173_0_1452	18_0_1184	195_0_1217	199_0_1494	201_0_1143	202_0_1143	203_0_1543	204_1_2230	211_0_116	213_0_530	214_0_1866	215_0_1127	216_0_1420	217_0_1423	218_0_2345	219_0_1670	220_0_2483	221_0_1530	222_0_2174	223_0_53	224_0_655	225_0_143	226_0_473	227_0_1674	228_0_2584	230_0_1527	234_0_1499	235_0_1467	236_0_1499	237_0_1500	238_0_978	239_0_1514	240_0_1575	32_1_757	34_0_1063	35_1_1229	37_0_1452	38_0_1890	39_0_1152	42_0_1524	4_0_1217	54_0_1586	57_1_757	58_0_1217	59_0_1171	5_0_1379	60_0_1215	61_0_1217	62_0_823	63_0_484	64_0_1188	65_0_1242	66_0_1551	67_0_1240	6_0_2026	73_1_1048	88_0_731	95_0_938	96_0_1503	97_0_1513	99_0_945	9_0_773
cluster_828	104_0_2847	106_1_2999	114_0_432	115_0_447	116_0_432	117_0_2840	118_0_427	151_0_387	156_0_2514	157_0_382	158_1_2662	159_0_2515	160_0_2664	161_0_2860	189_0_2651	190_1_402	191_0_379	192_0_2422	193_0_2627	194_0_2635	19_0_2384	206_0_382	207_0_2660	22_0_2972	23_1_86	26_0_2718	40_0_937	47_0_1047	74_0_2208	77_1_410	80_0_3229	82_1_369
cluster_829	180_0_2507
cluster_83	109_1_1148
cluster_830	87_0_398
cluster_831	100_0_2487	101_2_1553	103_0_1486	111_1_846	119_0_761	125_0_1537	126_0_1552	127_0_1496	128_0_1493	129_0_1547	12_0_1052	130_0_1524	131_0_1497	132_0_1503	133_0_1498	143_0_1519	147_0_874	149_0_931	150_0_1480	152_0_1504	154_0_1396	155_0_1468	163_0_894	164_0_1460	165_0_1055	168_0_1540	169_0_1541	170_0_1537	171_0_1483	172_0_1760	173_0_1454	18_0_1182	195_0_1215	199_0_1496	201_0_1141	202_0_1141	203_0_1545	204_1_2228	211_0_118	213_0_528	214_0_1868	215_0_1125	216_0_1422	217_0_1421	218_0_2343	219_0_1672	220_0_2481	221_0_1532	222_0_2176	223_0_55	224_0_653	225_0_141	226_0_475	227_0_1676	228_0_2586	230_0_1529	234_0_1501	235_0_1469	236_0_1501	237_0_1502	238_0_975	239_0_1516	240_0_1577	32_1_755	34_0_1061	35_1_1227	37_0_1454	38_0_1888	39_0_1150	42_0_1526	4_0_1215	54_0_1588	57_1_755	58_0_1215	59_0_1169	5_0_1377	60_0_1213	61_0_1215	62_0_821	63_0_486	64_0_1186	65_0_1240	66_0_1553	67_0_1238	6_0_2028	73_1_1050	88_0_729	95_0_936	96_0_1505	97_0_1515	99_0_943	9_0_771
cluster_832	104_0_2845	106_1_2997	114_0_430	115_0_445	116_0_430	117_0_2842	118_0_425	124_0_434	151_0_385	156_0_2516	157_0_380	158_1_2664	159_0_2517	160_0_2666	161_0_2862	189_0_2653	190_1_400	191_0_377	192_0_2424	193_0_2629	194_0_2637	19_0_2386	206_0_380	207_0_2662	22_0_2974	23_1_84	26_0_2720	40_0_935	47_0_1045	74_0_2206	77_1_408	80_0_3231	82_1_367	89_1_2254	91_0_393
cluster_833	122_0_2586	123_0_2249	181_1_366	188_0_383	210_0_2641	7_0_824	92_1_1595	93_0_2515	94_1_391
cluster_834	13_0_544
cluster_835	180_0_2505
cluster_836	200_0_1439
cluster_837	79_1_229
cluster_838	36_19_33
cluster_839	36_6_19
cluster_84	200_1_654
cluster_840	0_0_601
cluster_841	27_29_31
cluster_842	36_13_163
cluster_843	13_0_2484
cluster_844	27_29_28
cluster_845	36_19_30
cluster_846	0_1_1006
cluster_847	13_1_37
cluster_848	27_3_274
cluster_849	36_14_361
cluster_85	110_0_989	112_0_991	113_0_991	30_0_814	55_0_772
cluster_850	0_0_1265
cluster_851	27_23_28
cluster_852	0_0_1133
cluster_86	15_0_948	232_0_2015	24_0_920	81_0_1795
cluster_87	14_0_988
cluster_88	105_1_818	11_0_2281	145_0_2370	146_1_1062	1_1_941	205_0_731	28_0_862	49_0_2251	8_0_227
cluster_89	108_0_692
cluster_9	105_0_372	11_1_1208	145_1_1229	1_2_1284	205_1_343	28_1_1181	49_1_1295	8_1_744
cluster_90	27_3_143
cluster_91	15_0_1983	24_0_1926
cluster_92	183_0_914	233_0_204
cluster_93	48_28_243
cluster_94	209_0_865	83_0_1052
cluster_95	17_1_946	2_1_1013	3_0_1118
cluster_96	162_0_677	174_0_2009	175_0_2088	176_0_1775	177_0_789	178_0_2160	179_0_1268	186_0_409	197_0_2059	68_0_1897	75_0_680
cluster_97	212_0_654	229_0_1910
cluster_98	100_0_681	101_2_646	103_0_591	111_1_1718	119_0_1661	125_0_623	126_0_628	127_0_625	128_0_625	129_0_623	12_0_1820	130_0_618	131_0_624	132_0_625	133_0_619	134_0_620	135_0_629	136_0_624	137_0_624	138_0_625	139_0_623	140_0_631	141_0_630	142_0_650	143_0_636	147_0_1788	149_0_1853	150_0_623	152_0_626	154_0_620	155_0_630	163_0_2103	164_0_657	165_0_1843	166_0_1989	167_0_639	168_0_693	169_0_637	170_0_656	171_0_652	172_0_852	173_0_652	18_0_2117	195_0_2037	199_0_627	201_0_2012	202_0_2017	203_0_671	204_1_1818	208_0_640	211_0_1870	213_0_1383	214_0_1035	215_0_1960	216_0_578	217_0_2263	218_0_565	219_0_795	220_0_759	221_0_695	222_0_1299	223_0_1834	224_0_1513	225_0_1000	226_0_2245	227_0_807	228_0_1710	230_0_658	234_0_625	235_0_656	236_0_625	237_0_625	238_0_570	239_0_628	240_0_672	32_1_1615	34_0_1964	35_1_2080	37_0_629	38_0_2748	39_0_2014	42_0_645	4_0_2103	54_0_695	57_1_1609	58_0_2147	59_0_2032	5_0_2292	60_0_2147	61_0_2147	62_0_1708	63_0_2194	64_0_2122	65_0_2186	66_0_667	67_0_2118	6_0_1087	73_1_142	88_0_1623	95_0_1869	96_0_625	97_0_634	99_0_1881	9_0_1685
cluster_99	102_1_2652	10_0_1052
